Opcode,Mnemonic,Addressing,Cycle,Symbolic Code,W2,W1,W0
00,BRK,Impl,0,IR := *PC,0000,100A,0010
00,BRK,Impl,1,*SP := PCH; SP -= 1,0000,2095,0010
00,BRK,Impl,2,*SP := PCL; SP -= 1,0000,2055,0010
00,BRK,Impl,3,*SP := P; SETF(B); SP -= 1,0008,2015,0010
00,BRK,Impl,4,DL := *fCPL,0000,000A,0010
00,BRK,Impl,5,ADL := DL,0038,0400,0000
00,BRK,Impl,6,DL := *fCPH,0000,000A,0010
00,BRK,Impl,7,"ADH := DL; PC := {ADH, ADL}; SETF(I); END",003A,0800,0402
01,ORA,"(ZP,X)",0,IR := *PC; PC += 1,0004,100A,0010
01,ORA,"(ZP,X)",1,DL := *PC; PC += 1,0004,100A,0010
01,ORA,"(ZP,X)",2,ADL := {calculate_zp_x_pointer}; DL := *{zeropage_indirect},0000,940A,0010
01,ORA,"(ZP,X)",3,TMP := DL; DL := *{zeropage_indirect_inc},0038,A00A,0090
01,ORA,"(ZP,X)",4,ADH := DL; ADL := TMP,0030,0C00,0000
01,ORA,"(ZP,X)",5,"DL := *{latch}; ORA(A, DL); A := ALU_RESULT; ALU_FLAGS_LD; END",FC38,300A,0012
03,SLO,"(ZP,X)",0,IR := *PC; PC += 1,0004,100A,0010
03,SLO,"(ZP,X)",1,DL := *PC; PC += 1,0004,100A,0010
03,SLO,"(ZP,X)",2,ADL := {calculate_zp_x_pointer}; DL := *{zeropage_indirect},0000,940A,0010
03,SLO,"(ZP,X)",3,TMP := DL; DL := *{zeropage_indirect_inc},0038,A00A,0090
03,SLO,"(ZP,X)",4,ADH := DL; ADL := TMP,0030,0C00,0000
03,SLO,"(ZP,X)",5,DL := *{latch}; TMP := *{latch},0000,300A,0090
03,SLO,"(ZP,X)",6,ASL(TMP); *{latch} := ALU_RESULT; DL := ALU_RESULT,7830,3005,0010
03,SLO,"(ZP,X)",7,"ORA(A, DL); A := ALU_RESULT; ALU_FLAGS_LD; END",FC38,0000,0002
05,ORA,ZP,0,IR := *PC; PC += 1,0004,100A,0010
05,ORA,ZP,1,DL := *PC; PC += 1,0004,100A,0010
05,ORA,ZP,2,ADL := DL,0038,0400,0000
05,ORA,ZP,3,"DL := *{zeropage}; ORA(A, DL); A := ALU_RESULT; ALU_FLAGS_LD; END",FC38,800A,0012
06,ASL,ZP,0,IR := *PC; PC += 1,0004,100A,0010
06,ASL,ZP,1,DL := *PC; PC += 1,0004,100A,0010
06,ASL,ZP,2,ADL := DL,0038,0400,0000
06,ASL,ZP,3,DL := *{zeropage}; TMP := *{zeropage},0000,800A,0090
06,ASL,ZP,4,ASL(TMP),4030,0000,0000
06,ASL,ZP,5,*{zeropage} := ALU_RESULT; ALU_FLAGS_LD; END,F800,8005,0012
07,SLO,ZP,0,IR := *PC; PC += 1,0004,100A,0010
07,SLO,ZP,1,DL := *PC; PC += 1,0004,100A,0010
07,SLO,ZP,2,ADL := DL,0038,0400,0000
07,SLO,ZP,3,DL := *{zeropage}; TMP := *{zeropage},0000,800A,0090
07,SLO,ZP,4,ASL(TMP); *{zeropage} := ALU_RESULT; DL := ALU_RESULT,7830,8005,0010
07,SLO,ZP,5,"ORA(A, DL); A := ALU_RESULT; ALU_FLAGS_LD; END",FC38,0000,0002
08,PHP,Impl,0,IR := *PC; PC += 1,0004,100A,0010
08,PHP,Impl,1,*SP := P; SETF(B); SP -= 1; END,0008,2015,0012
09,ORA,#Imm,0,IR := *PC; PC += 1,0004,100A,0010
09,ORA,#Imm,1,DL := *PC; PC += 1,0004,100A,0010
09,ORA,#Imm,2,"ORA(A, DL); A := ALU_RESULT; ALU_FLAGS_LD; END",FC38,0000,0002
0A,ASL,Acc,0,IR := *PC; PC += 1,0004,100A,0010
0A,ASL,Acc,1,ASL(A); A := ALU_RESULT; ALU_FLAGS_LD; END,FC28,0000,0002
0D,ORA,Abs,0,IR := *PC; PC += 1,0004,100A,0010
0D,ORA,Abs,1,DL := *PC; PC += 1,0004,100A,0010
0D,ORA,Abs,2,ADL := DL; DL := *PC; PC += 1,003C,140A,0010
0D,ORA,Abs,3,ADH := DL,0038,0800,0000
0D,ORA,Abs,4,"DL := *{latch} + X; ORA(A, DL); A := ALU_RESULT; ALU_FLAGS_LD; END",FC38,320A,0012
0E,ASL,Abs,0,IR := *PC; PC += 1,0004,100A,0010
0E,ASL,Abs,1,DL := *PC; PC += 1,0004,100A,0010
0E,ASL,Abs,2,ADL := DL; DL := *PC; PC += 1,003C,140A,0010
0E,ASL,Abs,3,ADH := DL,0038,0800,0000
0E,ASL,Abs,4,DL := *{latch} + X; TMP := *{latch} + X,0000,320A,0090
0E,ASL,Abs,5,ASL(TMP),4030,0000,0000
0E,ASL,Abs,6,*{latch} + X := ALU_RESULT; ALU_FLAGS_LD; END,F800,3205,0012
0F,SLO,Abs,0,IR := *PC; PC += 1,0004,100A,0010
0F,SLO,Abs,1,DL := *PC; PC += 1,0004,100A,0010
0F,SLO,Abs,2,ADL := DL; DL := *PC; PC += 1,003C,140A,0010
0F,SLO,Abs,3,ADH := DL,0038,0800,0000
0F,SLO,Abs,4,DL := *{latch} + X; TMP := *{latch} + X,0000,320A,0090
0F,SLO,Abs,5,ASL(TMP); *{latch} + X := ALU_RESULT; DL := ALU_RESULT,7830,3205,0010
0F,SLO,Abs,6,"ORA(A, DL); A := ALU_RESULT; ALU_FLAGS_LD; END",FC38,0000,0002
10,BPL,Rel,0,IR := *PC; PC += 1,0004,100A,0010
10,BPL,Rel,1,ADL := *PC; PC += 1; TEST_BRANCH_EN; END,0004,140A,001A
10,BPL,Rel,2,PC := {pc_plus_offset}; END,0002,8000,0012
11,ORA,"(ZP),Y",0,IR := *PC; PC += 1,0004,100A,0010
11,ORA,"(ZP),Y",1,DL := *PC; PC += 1,0004,100A,0010
11,ORA,"(ZP),Y",2,ADL := DL; DL := *{zeropage_indirect},0038,940A,0010
11,ORA,"(ZP),Y",3,TMP := DL; DL := *{zeropage_indirect_inc},0038,A00A,0090
11,ORA,"(ZP),Y",4,ADH := DL; ADL := TMP,0030,0C00,0000
11,ORA,"(ZP),Y",5,"DL := *{latch} + Y; ORA(A, DL); A := ALU_RESULT; ALU_FLAGS_LD; END",FC38,310A,0012
13,SLO,"(ZP),Y",0,IR := *PC; PC += 1,0004,100A,0010
13,SLO,"(ZP),Y",1,DL := *PC; PC += 1,0004,100A,0010
13,SLO,"(ZP),Y",2,ADL := DL; DL := *{zeropage_indirect},0038,940A,0010
13,SLO,"(ZP),Y",3,TMP := DL; DL := *{zeropage_indirect_inc},0038,A00A,0090
13,SLO,"(ZP),Y",4,ADH := DL; ADL := TMP,0030,0C00,0000
13,SLO,"(ZP),Y",5,DL := *{latch} + Y; TMP := *{latch} + Y,0000,310A,0090
13,SLO,"(ZP),Y",6,ASL(TMP); *{latch} + Y := ALU_RESULT; DL := ALU_RESULT,7830,3105,0010
13,SLO,"(ZP),Y",7,"ORA(A, DL); A := ALU_RESULT; ALU_FLAGS_LD; END",FC38,0000,0002
15,ORA,"ZP,X",0,IR := *PC; PC += 1,0004,100A,0010
15,ORA,"ZP,X",1,DL := *PC; PC += 1,0004,100A,0010
15,ORA,"ZP,X",2,ADL := DL,0038,0400,0000
15,ORA,"ZP,X",3,DL := *{zeropage} + X; ADL := DL,0038,860A,0010
15,ORA,"ZP,X",4,"DL := *{zeropage}; ORA(A, DL); A := ALU_RESULT; ALU_FLAGS_LD; END",FC38,800A,0012
16,ASL,"ZP,X",0,IR := *PC; PC += 1,0004,100A,0010
16,ASL,"ZP,X",1,DL := *PC; PC += 1,0004,100A,0010
16,ASL,"ZP,X",2,ADL := DL,0038,0400,0000
16,ASL,"ZP,X",3,DL := *{zeropage} + X; ADL := DL,0038,860A,0010
16,ASL,"ZP,X",4,DL := *{zeropage}; TMP := *{zeropage},0000,800A,0090
16,ASL,"ZP,X",5,ASL(TMP),4030,0000,0000
16,ASL,"ZP,X",6,*{zeropage} := ALU_RESULT; ALU_FLAGS_LD; END,F800,8005,0012
17,SLO,"ZP,X",0,IR := *PC; PC += 1,0004,100A,0010
17,SLO,"ZP,X",1,DL := *PC; PC += 1,0004,100A,0010
17,SLO,"ZP,X",2,ADL := DL,0038,0400,0000
17,SLO,"ZP,X",3,DL := *{zeropage} + X; ADL := DL,0038,860A,0010
17,SLO,"ZP,X",4,DL := *{zeropage}; TMP := *{zeropage},0000,800A,0090
17,SLO,"ZP,X",5,ASL(TMP); *{zeropage} := ALU_RESULT; DL := ALU_RESULT,7830,8005,0010
17,SLO,"ZP,X",6,"ORA(A, DL); A := ALU_RESULT; ALU_FLAGS_LD; END",FC38,0000,0002
18,CLC,Impl,0,IR := *PC; PC += 1,0004,100A,0010
18,CLC,Impl,1,CLRF(C); END,0000,0000,2002
19,ORA,"Abs,Y",0,IR := *PC; PC += 1,0004,100A,0010
19,ORA,"Abs,Y",1,DL := *PC; PC += 1,0004,100A,0010
19,ORA,"Abs,Y",2,ADL := DL; DL := *PC; PC += 1,003C,140A,0010
19,ORA,"Abs,Y",3,ADH := DL,0038,0800,0000
19,ORA,"Abs,Y",4,"DL := *{latch} + X; ORA(A, DL); A := ALU_RESULT; ALU_FLAGS_LD; END",FC38,320A,0012
1B,SLO,"Abs,Y",0,IR := *PC; PC += 1,0004,100A,0010
1B,SLO,"Abs,Y",1,DL := *PC; PC += 1,0004,100A,0010
1B,SLO,"Abs,Y",2,ADL := DL; DL := *PC; PC += 1,003C,140A,0010
1B,SLO,"Abs,Y",3,ADH := DL,0038,0800,0000
1B,SLO,"Abs,Y",4,DL := *{latch} + X; TMP := *{latch} + X,0000,320A,0090
1B,SLO,"Abs,Y",5,ASL(TMP); *{latch} + X := ALU_RESULT; DL := ALU_RESULT,7830,3205,0010
1B,SLO,"Abs,Y",6,"ORA(A, DL); A := ALU_RESULT; ALU_FLAGS_LD; END",FC38,0000,0002
1D,ORA,"Abs,X",0,IR := *PC; PC += 1,0004,100A,0010
1D,ORA,"Abs,X",1,DL := *PC; PC += 1,0004,100A,0010
1D,ORA,"Abs,X",2,ADL := DL; DL := *PC; PC += 1,003C,140A,0010
1D,ORA,"Abs,X",3,ADH := DL,0038,0800,0000
1D,ORA,"Abs,X",4,"DL := *{latch} + X; ORA(A, DL); A := ALU_RESULT; ALU_FLAGS_LD; END",FC38,320A,0012
1E,ASL,"Abs,X",0,IR := *PC; PC += 1,0004,100A,0010
1E,ASL,"Abs,X",1,DL := *PC; PC += 1,0004,100A,0010
1E,ASL,"Abs,X",2,ADL := DL; DL := *PC; PC += 1,003C,140A,0010
1E,ASL,"Abs,X",3,ADH := DL,0038,0800,0000
1E,ASL,"Abs,X",4,DL := *{latch} + X; TMP := *{latch} + X,0000,320A,0090
1E,ASL,"Abs,X",5,ASL(TMP),4030,0000,0000
1E,ASL,"Abs,X",6,*{latch} + X := ALU_RESULT; ALU_FLAGS_LD; END,F800,3205,0012
1F,SLO,"Abs,X",0,IR := *PC; PC += 1,0004,100A,0010
1F,SLO,"Abs,X",1,DL := *PC; PC += 1,0004,100A,0010
1F,SLO,"Abs,X",2,ADL := DL; DL := *PC; PC += 1,003C,140A,0010
1F,SLO,"Abs,X",3,ADH := DL,0038,0800,0000
1F,SLO,"Abs,X",4,DL := *{latch} + X; TMP := *{latch} + X,0000,320A,0090
1F,SLO,"Abs,X",5,ASL(TMP); *{latch} + X := ALU_RESULT; DL := ALU_RESULT,7830,3205,0010
1F,SLO,"Abs,X",6,"ORA(A, DL); A := ALU_RESULT; ALU_FLAGS_LD; END",FC38,0000,0002
20,JSR,Abs,0,IR := *PC; PC += 1,0004,100A,0010
20,JSR,Abs,1,DL := *PC; PC += 1; ADL := DL,003C,140A,0010
20,JSR,Abs,2,*SP := PCH; SP -= 1,0000,2095,0010
20,JSR,Abs,3,*SP := PCL; SP -= 1,0000,2055,0010
20,JSR,Abs,4,DL := *PC; ADH := DL,0038,180A,0010
20,JSR,Abs,5,"PC := {ADH, ADL}; END",0002,0000,0002
21,AND,"(ZP,X)",0,IR := *PC; PC += 1,0004,100A,0010
21,AND,"(ZP,X)",1,DL := *PC; PC += 1,0004,100A,0010
21,AND,"(ZP,X)",2,ADL := {calculate_zp_x_pointer}; DL := *{zeropage_indirect},0000,940A,0010
21,AND,"(ZP,X)",3,TMP := DL; DL := *{zeropage_indirect_inc},0038,A00A,0090
21,AND,"(ZP,X)",4,ADH := DL; ADL := TMP,0030,0C00,0000
21,AND,"(ZP,X)",5,"DL := *{latch}; AND(A, DL); A := ALU_RESULT; ALU_FLAGS_LD; END",FC38,300A,0012
23,RLA,"(ZP,X)",0,IR := *PC; PC += 1,0004,100A,0010
23,RLA,"(ZP,X)",1,DL := *PC; PC += 1,0004,100A,0010
23,RLA,"(ZP,X)",2,ADL := {calculate_zp_x_pointer}; DL := *{zeropage_indirect},0000,940A,0010
23,RLA,"(ZP,X)",3,TMP := DL; DL := *{zeropage_indirect_inc},0038,A00A,0090
23,RLA,"(ZP,X)",4,ADH := DL; ADL := TMP,0030,0C00,0000
23,RLA,"(ZP,X)",5,DL := *{latch}; TMP := *{latch},0000,300A,0090
23,RLA,"(ZP,X)",6,ROL(TMP); *{latch} := ALU_RESULT; DL := ALU_RESULT,7830,3005,0010
23,RLA,"(ZP,X)",7,"AND(A, DL); A := ALU_RESULT; ALU_FLAGS_LD; END",FC38,0000,0002
24,BIT,ZP,0,IR := *PC; PC += 1,0004,100A,0010
24,BIT,ZP,1,DL := *PC; PC += 1,0004,100A,0010
24,BIT,ZP,2,ADL := DL,0038,0400,0000
24,BIT,ZP,3,"DL := *{zeropage}; BIT(A, DL); ALU_FLAGS_LD; END",B038,800A,0012
25,AND,ZP,0,IR := *PC; PC += 1,0004,100A,0010
25,AND,ZP,1,DL := *PC; PC += 1,0004,100A,0010
25,AND,ZP,2,ADL := DL,0038,0400,0000
25,AND,ZP,3,"DL := *{zeropage}; AND(A, DL); A := ALU_RESULT; ALU_FLAGS_LD; END",FC38,800A,0012
26,ROL,ZP,0,IR := *PC; PC += 1,0004,100A,0010
26,ROL,ZP,1,DL := *PC; PC += 1,0004,100A,0010
26,ROL,ZP,2,ADL := DL,0038,0400,0000
26,ROL,ZP,3,DL := *{zeropage}; TMP := *{zeropage},0000,800A,0090
26,ROL,ZP,4,ROL(TMP),5030,0000,0000
26,ROL,ZP,5,*{zeropage} := ALU_RESULT; ALU_FLAGS_LD; END,F800,8005,0012
27,RLA,ZP,0,IR := *PC; PC += 1,0004,100A,0010
27,RLA,ZP,1,DL := *PC; PC += 1,0004,100A,0010
27,RLA,ZP,2,ADL := DL,0038,0400,0000
27,RLA,ZP,3,DL := *{zeropage}; TMP := *{zeropage},0000,800A,0090
27,RLA,ZP,4,ROL(TMP); *{zeropage} := ALU_RESULT; DL := ALU_RESULT,7830,8005,0010
27,RLA,ZP,5,"AND(A, DL); A := ALU_RESULT; ALU_FLAGS_LD; END",FC38,0000,0002
28,PLP,Impl,0,IR := *PC; PC += 1,0004,100A,0010
28,PLP,Impl,1,SP += 1,0000,0020,0000
28,PLP,Impl,2,DL := *SP,0000,200A,0010
28,PLP,Impl,3,P := DL; END,0038,0000,0002
29,AND,#Imm,0,IR := *PC; PC += 1,0004,100A,0010
29,AND,#Imm,1,DL := *PC; PC += 1,0004,100A,0010
29,AND,#Imm,2,"AND(A, DL); A := ALU_RESULT; ALU_FLAGS_LD; END",FC38,0000,0002
2A,ROL,Acc,0,IR := *PC; PC += 1,0004,100A,0010
2A,ROL,Acc,1,ROL(A); A := ALU_RESULT; ALU_FLAGS_LD; END,FC28,0000,0002
2C,BIT,Abs,0,IR := *PC; PC += 1,0004,100A,0010
2C,BIT,Abs,1,DL := *PC; PC += 1,0004,100A,0010
2C,BIT,Abs,2,ADL := DL; DL := *PC; PC += 1,003C,140A,0010
2C,BIT,Abs,3,ADH := DL,0038,0800,0000
2C,BIT,Abs,4,"DL := *{latch} + X; BIT(A, DL); ALU_FLAGS_LD; END",B038,320A,0012
2D,AND,Abs,0,IR := *PC; PC += 1,0004,100A,0010
2D,AND,Abs,1,DL := *PC; PC += 1,0004,100A,0010
2D,AND,Abs,2,ADL := DL; DL := *PC; PC += 1,003C,140A,0010
2D,AND,Abs,3,ADH := DL,0038,0800,0000
2D,AND,Abs,4,"DL := *{latch} + X; AND(A, DL); A := ALU_RESULT; ALU_FLAGS_LD; END",FC38,320A,0012
2E,ROL,Abs,0,IR := *PC; PC += 1,0004,100A,0010
2E,ROL,Abs,1,DL := *PC; PC += 1,0004,100A,0010
2E,ROL,Abs,2,ADL := DL; DL := *PC; PC += 1,003C,140A,0010
2E,ROL,Abs,3,ADH := DL,0038,0800,0000
2E,ROL,Abs,4,DL := *{latch} + X; TMP := *{latch} + X,0000,320A,0090
2E,ROL,Abs,5,ROL(TMP),5030,0000,0000
2E,ROL,Abs,6,*{latch} + X := ALU_RESULT; ALU_FLAGS_LD; END,F800,3205,0012
2F,RLA,Abs,0,IR := *PC; PC += 1,0004,100A,0010
2F,RLA,Abs,1,DL := *PC; PC += 1,0004,100A,0010
2F,RLA,Abs,2,ADL := DL; DL := *PC; PC += 1,003C,140A,0010
2F,RLA,Abs,3,ADH := DL,0038,0800,0000
2F,RLA,Abs,4,DL := *{latch} + X; TMP := *{latch} + X,0000,320A,0090
2F,RLA,Abs,5,ROL(TMP); *{latch} + X := ALU_RESULT; DL := ALU_RESULT,7830,3205,0010
2F,RLA,Abs,6,"AND(A, DL); A := ALU_RESULT; ALU_FLAGS_LD; END",FC38,0000,0002
30,BMI,Rel,0,IR := *PC; PC += 1,0004,100A,0010
30,BMI,Rel,1,ADL := *PC; PC += 1; TEST_BRANCH_EN; END,0004,140A,001A
30,BMI,Rel,2,PC := {pc_plus_offset}; END,0002,8000,0012
31,AND,"(ZP),Y",0,IR := *PC; PC += 1,0004,100A,0010
31,AND,"(ZP),Y",1,DL := *PC; PC += 1,0004,100A,0010
31,AND,"(ZP),Y",2,ADL := DL; DL := *{zeropage_indirect},0038,940A,0010
31,AND,"(ZP),Y",3,TMP := DL; DL := *{zeropage_indirect_inc},0038,A00A,0090
31,AND,"(ZP),Y",4,ADH := DL; ADL := TMP,0030,0C00,0000
31,AND,"(ZP),Y",5,"DL := *{latch} + Y; AND(A, DL); A := ALU_RESULT; ALU_FLAGS_LD; END",FC38,310A,0012
33,RLA,"(ZP),Y",0,IR := *PC; PC += 1,0004,100A,0010
33,RLA,"(ZP),Y",1,DL := *PC; PC += 1,0004,100A,0010
33,RLA,"(ZP),Y",2,ADL := DL; DL := *{zeropage_indirect},0038,940A,0010
33,RLA,"(ZP),Y",3,TMP := DL; DL := *{zeropage_indirect_inc},0038,A00A,0090
33,RLA,"(ZP),Y",4,ADH := DL; ADL := TMP,0030,0C00,0000
33,RLA,"(ZP),Y",5,DL := *{latch} + Y; TMP := *{latch} + Y,0000,310A,0090
33,RLA,"(ZP),Y",6,ROL(TMP); *{latch} + Y := ALU_RESULT; DL := ALU_RESULT,7830,3105,0010
33,RLA,"(ZP),Y",7,"AND(A, DL); A := ALU_RESULT; ALU_FLAGS_LD; END",FC38,0000,0002
35,AND,"ZP,X",0,IR := *PC; PC += 1,0004,100A,0010
35,AND,"ZP,X",1,DL := *PC; PC += 1,0004,100A,0010
35,AND,"ZP,X",2,ADL := DL,0038,0400,0000
35,AND,"ZP,X",3,DL := *{zeropage} + X; ADL := DL,0038,860A,0010
35,AND,"ZP,X",4,"DL := *{zeropage}; AND(A, DL); A := ALU_RESULT; ALU_FLAGS_LD; END",FC38,800A,0012
36,ROL,"ZP,X",0,IR := *PC; PC += 1,0004,100A,0010
36,ROL,"ZP,X",1,DL := *PC; PC += 1,0004,100A,0010
36,ROL,"ZP,X",2,ADL := DL,0038,0400,0000
36,ROL,"ZP,X",3,DL := *{zeropage} + X; ADL := DL,0038,860A,0010
36,ROL,"ZP,X",4,DL := *{zeropage}; TMP := *{zeropage},0000,800A,0090
36,ROL,"ZP,X",5,ROL(TMP),5030,0000,0000
36,ROL,"ZP,X",6,*{zeropage} := ALU_RESULT; ALU_FLAGS_LD; END,F800,8005,0012
37,RLA,"ZP,X",0,IR := *PC; PC += 1,0004,100A,0010
37,RLA,"ZP,X",1,DL := *PC; PC += 1,0004,100A,0010
37,RLA,"ZP,X",2,ADL := DL,0038,0400,0000
37,RLA,"ZP,X",3,DL := *{zeropage} + X; ADL := DL,0038,860A,0010
37,RLA,"ZP,X",4,DL := *{zeropage}; TMP := *{zeropage},0000,800A,0090
37,RLA,"ZP,X",5,ROL(TMP); *{zeropage} := ALU_RESULT; DL := ALU_RESULT,7830,8005,0010
37,RLA,"ZP,X",6,"AND(A, DL); A := ALU_RESULT; ALU_FLAGS_LD; END",FC38,0000,0002
38,SEC,Impl,0,IR := *PC; PC += 1,0004,100A,0010
38,SEC,Impl,1,SETF(C); END,0000,0000,4002
39,AND,"Abs,Y",0,IR := *PC; PC += 1,0004,100A,0010
39,AND,"Abs,Y",1,DL := *PC; PC += 1,0004,100A,0010
39,AND,"Abs,Y",2,ADL := DL; DL := *PC; PC += 1,003C,140A,0010
39,AND,"Abs,Y",3,ADH := DL,0038,0800,0000
39,AND,"Abs,Y",4,"DL := *{latch} + X; AND(A, DL); A := ALU_RESULT; ALU_FLAGS_LD; END",FC38,320A,0012
3B,RLA,"Abs,Y",0,IR := *PC; PC += 1,0004,100A,0010
3B,RLA,"Abs,Y",1,DL := *PC; PC += 1,0004,100A,0010
3B,RLA,"Abs,Y",2,ADL := DL; DL := *PC; PC += 1,003C,140A,0010
3B,RLA,"Abs,Y",3,ADH := DL,0038,0800,0000
3B,RLA,"Abs,Y",4,DL := *{latch} + X; TMP := *{latch} + X,0000,320A,0090
3B,RLA,"Abs,Y",5,ROL(TMP); *{latch} + X := ALU_RESULT; DL := ALU_RESULT,7830,3205,0010
3B,RLA,"Abs,Y",6,"AND(A, DL); A := ALU_RESULT; ALU_FLAGS_LD; END",FC38,0000,0002
3D,AND,"Abs,X",0,IR := *PC; PC += 1,0004,100A,0010
3D,AND,"Abs,X",1,DL := *PC; PC += 1,0004,100A,0010
3D,AND,"Abs,X",2,ADL := DL; DL := *PC; PC += 1,003C,140A,0010
3D,AND,"Abs,X",3,ADH := DL,0038,0800,0000
3D,AND,"Abs,X",4,"DL := *{latch} + X; AND(A, DL); A := ALU_RESULT; ALU_FLAGS_LD; END",FC38,320A,0012
3E,ROL,"Abs,X",0,IR := *PC; PC += 1,0004,100A,0010
3E,ROL,"Abs,X",1,DL := *PC; PC += 1,0004,100A,0010
3E,ROL,"Abs,X",2,ADL := DL; DL := *PC; PC += 1,003C,140A,0010
3E,ROL,"Abs,X",3,ADH := DL,0038,0800,0000
3E,ROL,"Abs,X",4,DL := *{latch} + X; TMP := *{latch} + X,0000,320A,0090
3E,ROL,"Abs,X",5,ROL(TMP),5030,0000,0000
3E,ROL,"Abs,X",6,*{latch} + X := ALU_RESULT; ALU_FLAGS_LD; END,F800,3205,0012
3F,RLA,"Abs,X",0,IR := *PC; PC += 1,0004,100A,0010
3F,RLA,"Abs,X",1,DL := *PC; PC += 1,0004,100A,0010
3F,RLA,"Abs,X",2,ADL := DL; DL := *PC; PC += 1,003C,140A,0010
3F,RLA,"Abs,X",3,ADH := DL,0038,0800,0000
3F,RLA,"Abs,X",4,DL := *{latch} + X; TMP := *{latch} + X,0000,320A,0090
3F,RLA,"Abs,X",5,ROL(TMP); *{latch} + X := ALU_RESULT; DL := ALU_RESULT,7830,3205,0010
3F,RLA,"Abs,X",6,"AND(A, DL); A := ALU_RESULT; ALU_FLAGS_LD; END",FC38,0000,0002
40,RTI,Impl,0,IR := *PC; PC += 1,0004,100A,0010
40,RTI,Impl,1,SP += 1,0000,0020,0000
40,RTI,Impl,2,DL := *SP; P := DL,0038,200A,0010
40,RTI,Impl,3,SP += 1,0000,0020,0000
40,RTI,Impl,4,DL := *SP; PCL := DL,0038,200A,0010
40,RTI,Impl,5,SP += 1,0000,0020,0000
40,RTI,Impl,6,DL := *SP; PCH := DL,0038,200A,0010
40,RTI,Impl,7,END,0000,0000,0002
41,EOR,"(ZP,X)",0,IR := *PC; PC += 1,0004,100A,0010
41,EOR,"(ZP,X)",1,DL := *PC; PC += 1,0004,100A,0010
41,EOR,"(ZP,X)",2,ADL := {calculate_zp_x_pointer}; DL := *{zeropage_indirect},0000,940A,0010
41,EOR,"(ZP,X)",3,TMP := DL; DL := *{zeropage_indirect_inc},0038,A00A,0090
41,EOR,"(ZP,X)",4,ADH := DL; ADL := TMP,0030,0C00,0000
41,EOR,"(ZP,X)",5,"DL := *{latch}; EOR(A, DL); A := ALU_RESULT; ALU_FLAGS_LD; END",FC38,300A,0012
43,SRE,"(ZP,X)",0,IR := *PC; PC += 1,0004,100A,0010
43,SRE,"(ZP,X)",1,DL := *PC; PC += 1,0004,100A,0010
43,SRE,"(ZP,X)",2,ADL := {calculate_zp_x_pointer}; DL := *{zeropage_indirect},0000,940A,0010
43,SRE,"(ZP,X)",3,TMP := DL; DL := *{zeropage_indirect_inc},0038,A00A,0090
43,SRE,"(ZP,X)",4,ADH := DL; ADL := TMP,0030,0C00,0000
43,SRE,"(ZP,X)",5,DL := *{latch}; TMP := *{latch},0000,300A,0090
43,SRE,"(ZP,X)",6,LSR(TMP); *{latch} := ALU_RESULT; DL := ALU_RESULT,7830,3005,0010
43,SRE,"(ZP,X)",7,"EOR(A, DL); A := ALU_RESULT; ALU_FLAGS_LD; END",FC38,0000,0002
45,EOR,ZP,0,IR := *PC; PC += 1,0004,100A,0010
45,EOR,ZP,1,DL := *PC; PC += 1,0004,100A,0010
45,EOR,ZP,2,ADL := DL,0038,0400,0000
45,EOR,ZP,3,"DL := *{zeropage}; EOR(A, DL); A := ALU_RESULT; ALU_FLAGS_LD; END",FC38,800A,0012
46,LSR,ZP,0,IR := *PC; PC += 1,0004,100A,0010
46,LSR,ZP,1,DL := *PC; PC += 1,0004,100A,0010
46,LSR,ZP,2,ADL := DL,0038,0400,0000
46,LSR,ZP,3,DL := *{zeropage}; TMP := *{zeropage},0000,800A,0090
46,LSR,ZP,4,LSR(TMP),4830,0000,0000
46,LSR,ZP,5,*{zeropage} := ALU_RESULT; ALU_FLAGS_LD; END,F800,8005,0012
47,SRE,ZP,0,IR := *PC; PC += 1,0004,100A,0010
47,SRE,ZP,1,DL := *PC; PC += 1,0004,100A,0010
47,SRE,ZP,2,ADL := DL,0038,0400,0000
47,SRE,ZP,3,DL := *{zeropage}; TMP := *{zeropage},0000,800A,0090
47,SRE,ZP,4,LSR(TMP); *{zeropage} := ALU_RESULT; DL := ALU_RESULT,7830,8005,0010
47,SRE,ZP,5,"EOR(A, DL); A := ALU_RESULT; ALU_FLAGS_LD; END",FC38,0000,0002
48,PHA,Impl,0,IR := *PC; PC += 1,0004,100A,0010
48,PHA,Impl,1,*SP := A; SP -= 1; END,0028,2015,0012
49,EOR,#Imm,0,IR := *PC; PC += 1,0004,100A,0010
49,EOR,#Imm,1,DL := *PC; PC += 1,0004,100A,0010
49,EOR,#Imm,2,"EOR(A, DL); A := ALU_RESULT; ALU_FLAGS_LD; END",FC38,0000,0002
4A,LSR,Acc,0,IR := *PC; PC += 1,0004,100A,0010
4A,LSR,Acc,1,LSR(A); A := ALU_RESULT; ALU_FLAGS_LD; END,FC28,0000,0002
4C,JMP,Abs,0,IR := *PC; PC += 1,0004,100A,0010
4C,JMP,Abs,1,DL := *PC; PC += 1; ADL := DL,003C,140A,0010
4C,JMP,Abs,2,DL := *PC; PC += 1; ADH := DL,003C,180A,0010
4C,JMP,Abs,3,"PC := {ADH, ADL}; END",0002,0000,0002
4D,EOR,Abs,0,IR := *PC; PC += 1,0004,100A,0010
4D,EOR,Abs,1,DL := *PC; PC += 1,0004,100A,0010
4D,EOR,Abs,2,ADL := DL; DL := *PC; PC += 1,003C,140A,0010
4D,EOR,Abs,3,ADH := DL,0038,0800,0000
4D,EOR,Abs,4,"DL := *{latch} + X; EOR(A, DL); A := ALU_RESULT; ALU_FLAGS_LD; END",FC38,320A,0012
4E,LSR,Abs,0,IR := *PC; PC += 1,0004,100A,0010
4E,LSR,Abs,1,DL := *PC; PC += 1,0004,100A,0010
4E,LSR,Abs,2,ADL := DL; DL := *PC; PC += 1,003C,140A,0010
4E,LSR,Abs,3,ADH := DL,0038,0800,0000
4E,LSR,Abs,4,DL := *{latch} + X; TMP := *{latch} + X,0000,320A,0090
4E,LSR,Abs,5,LSR(TMP),4830,0000,0000
4E,LSR,Abs,6,*{latch} + X := ALU_RESULT; ALU_FLAGS_LD; END,F800,3205,0012
4F,SRE,Abs,0,IR := *PC; PC += 1,0004,100A,0010
4F,SRE,Abs,1,DL := *PC; PC += 1,0004,100A,0010
4F,SRE,Abs,2,ADL := DL; DL := *PC; PC += 1,003C,140A,0010
4F,SRE,Abs,3,ADH := DL,0038,0800,0000
4F,SRE,Abs,4,DL := *{latch} + X; TMP := *{latch} + X,0000,320A,0090
4F,SRE,Abs,5,LSR(TMP); *{latch} + X := ALU_RESULT; DL := ALU_RESULT,7830,3205,0010
4F,SRE,Abs,6,"EOR(A, DL); A := ALU_RESULT; ALU_FLAGS_LD; END",FC38,0000,0002
50,BVC,Rel,0,IR := *PC; PC += 1,0004,100A,0010
50,BVC,Rel,1,ADL := *PC; PC += 1; TEST_BRANCH_EN; END,0004,140A,001A
50,BVC,Rel,2,PC := {pc_plus_offset}; END,0002,8000,0012
51,EOR,"(ZP),Y",0,IR := *PC; PC += 1,0004,100A,0010
51,EOR,"(ZP),Y",1,DL := *PC; PC += 1,0004,100A,0010
51,EOR,"(ZP),Y",2,ADL := DL; DL := *{zeropage_indirect},0038,940A,0010
51,EOR,"(ZP),Y",3,TMP := DL; DL := *{zeropage_indirect_inc},0038,A00A,0090
51,EOR,"(ZP),Y",4,ADH := DL; ADL := TMP,0030,0C00,0000
51,EOR,"(ZP),Y",5,"DL := *{latch} + Y; EOR(A, DL); A := ALU_RESULT; ALU_FLAGS_LD; END",FC38,310A,0012
53,SRE,"(ZP),Y",0,IR := *PC; PC += 1,0004,100A,0010
53,SRE,"(ZP),Y",1,DL := *PC; PC += 1,0004,100A,0010
53,SRE,"(ZP),Y",2,ADL := DL; DL := *{zeropage_indirect},0038,940A,0010
53,SRE,"(ZP),Y",3,TMP := DL; DL := *{zeropage_indirect_inc},0038,A00A,0090
53,SRE,"(ZP),Y",4,ADH := DL; ADL := TMP,0030,0C00,0000
53,SRE,"(ZP),Y",5,DL := *{latch} + Y; TMP := *{latch} + Y,0000,310A,0090
53,SRE,"(ZP),Y",6,LSR(TMP); *{latch} + Y := ALU_RESULT; DL := ALU_RESULT,7830,3105,0010
53,SRE,"(ZP),Y",7,"EOR(A, DL); A := ALU_RESULT; ALU_FLAGS_LD; END",FC38,0000,0002
55,EOR,"ZP,X",0,IR := *PC; PC += 1,0004,100A,0010
55,EOR,"ZP,X",1,DL := *PC; PC += 1,0004,100A,0010
55,EOR,"ZP,X",2,ADL := DL,0038,0400,0000
55,EOR,"ZP,X",3,DL := *{zeropage} + X; ADL := DL,0038,860A,0010
55,EOR,"ZP,X",4,"DL := *{zeropage}; EOR(A, DL); A := ALU_RESULT; ALU_FLAGS_LD; END",FC38,800A,0012
56,LSR,"ZP,X",0,IR := *PC; PC += 1,0004,100A,0010
56,LSR,"ZP,X",1,DL := *PC; PC += 1,0004,100A,0010
56,LSR,"ZP,X",2,ADL := DL,0038,0400,0000
56,LSR,"ZP,X",3,DL := *{zeropage} + X; ADL := DL,0038,860A,0010
56,LSR,"ZP,X",4,DL := *{zeropage}; TMP := *{zeropage},0000,800A,0090
56,LSR,"ZP,X",5,LSR(TMP),4830,0000,0000
56,LSR,"ZP,X",6,*{zeropage} := ALU_RESULT; ALU_FLAGS_LD; END,F800,8005,0012
57,SRE,"ZP,X",0,IR := *PC; PC += 1,0004,100A,0010
57,SRE,"ZP,X",1,DL := *PC; PC += 1,0004,100A,0010
57,SRE,"ZP,X",2,ADL := DL,0038,0400,0000
57,SRE,"ZP,X",3,DL := *{zeropage} + X; ADL := DL,0038,860A,0010
57,SRE,"ZP,X",4,DL := *{zeropage}; TMP := *{zeropage},0000,800A,0090
57,SRE,"ZP,X",5,LSR(TMP); *{zeropage} := ALU_RESULT; DL := ALU_RESULT,7830,8005,0010
57,SRE,"ZP,X",6,"EOR(A, DL); A := ALU_RESULT; ALU_FLAGS_LD; END",FC38,0000,0002
58,CLI,Impl,0,IR := *PC; PC += 1,0004,100A,0010
58,CLI,Impl,1,CLRF(I); END,0000,0000,0202
59,EOR,"Abs,Y",0,IR := *PC; PC += 1,0004,100A,0010
59,EOR,"Abs,Y",1,DL := *PC; PC += 1,0004,100A,0010
59,EOR,"Abs,Y",2,ADL := DL; DL := *PC; PC += 1,003C,140A,0010
59,EOR,"Abs,Y",3,ADH := DL,0038,0800,0000
59,EOR,"Abs,Y",4,"DL := *{latch} + X; EOR(A, DL); A := ALU_RESULT; ALU_FLAGS_LD; END",FC38,320A,0012
5B,SRE,"Abs,Y",0,IR := *PC; PC += 1,0004,100A,0010
5B,SRE,"Abs,Y",1,DL := *PC; PC += 1,0004,100A,0010
5B,SRE,"Abs,Y",2,ADL := DL; DL := *PC; PC += 1,003C,140A,0010
5B,SRE,"Abs,Y",3,ADH := DL,0038,0800,0000
5B,SRE,"Abs,Y",4,DL := *{latch} + X; TMP := *{latch} + X,0000,320A,0090
5B,SRE,"Abs,Y",5,LSR(TMP); *{latch} + X := ALU_RESULT; DL := ALU_RESULT,7830,3205,0010
5B,SRE,"Abs,Y",6,"EOR(A, DL); A := ALU_RESULT; ALU_FLAGS_LD; END",FC38,0000,0002
5D,EOR,"Abs,X",0,IR := *PC; PC += 1,0004,100A,0010
5D,EOR,"Abs,X",1,DL := *PC; PC += 1,0004,100A,0010
5D,EOR,"Abs,X",2,ADL := DL; DL := *PC; PC += 1,003C,140A,0010
5D,EOR,"Abs,X",3,ADH := DL,0038,0800,0000
5D,EOR,"Abs,X",4,"DL := *{latch} + X; EOR(A, DL); A := ALU_RESULT; ALU_FLAGS_LD; END",FC38,320A,0012
5E,LSR,"Abs,X",0,IR := *PC; PC += 1,0004,100A,0010
5E,LSR,"Abs,X",1,DL := *PC; PC += 1,0004,100A,0010
5E,LSR,"Abs,X",2,ADL := DL; DL := *PC; PC += 1,003C,140A,0010
5E,LSR,"Abs,X",3,ADH := DL,0038,0800,0000
5E,LSR,"Abs,X",4,DL := *{latch} + X; TMP := *{latch} + X,0000,320A,0090
5E,LSR,"Abs,X",5,LSR(TMP),4830,0000,0000
5E,LSR,"Abs,X",6,*{latch} + X := ALU_RESULT; ALU_FLAGS_LD; END,F800,3205,0012
5F,SRE,"Abs,X",0,IR := *PC; PC += 1,0004,100A,0010
5F,SRE,"Abs,X",1,DL := *PC; PC += 1,0004,100A,0010
5F,SRE,"Abs,X",2,ADL := DL; DL := *PC; PC += 1,003C,140A,0010
5F,SRE,"Abs,X",3,ADH := DL,0038,0800,0000
5F,SRE,"Abs,X",4,DL := *{latch} + X; TMP := *{latch} + X,0000,320A,0090
5F,SRE,"Abs,X",5,LSR(TMP); *{latch} + X := ALU_RESULT; DL := ALU_RESULT,7830,3205,0010
5F,SRE,"Abs,X",6,"EOR(A, DL); A := ALU_RESULT; ALU_FLAGS_LD; END",FC38,0000,0002
60,RTS,Impl,0,IR := *PC; PC += 1,0004,100A,0010
60,RTS,Impl,1,SP += 1,0000,0020,0000
60,RTS,Impl,2,DL := *SP; PCL := DL,0038,200A,0010
60,RTS,Impl,3,SP += 1,0000,0020,0000
60,RTS,Impl,4,DL := *SP; PCH := DL,0038,200A,0010
60,RTS,Impl,5,PC += 1; END,0004,0000,0002
61,ADC,"(ZP,X)",0,IR := *PC; PC += 1,0004,100A,0010
61,ADC,"(ZP,X)",1,DL := *PC; PC += 1,0004,100A,0010
61,ADC,"(ZP,X)",2,ADL := {calculate_zp_x_pointer}; DL := *{zeropage_indirect},0000,940A,0010
61,ADC,"(ZP,X)",3,TMP := DL; DL := *{zeropage_indirect_inc},0038,A00A,0090
61,ADC,"(ZP,X)",4,ADH := DL; ADL := TMP,0030,0C00,0000
61,ADC,"(ZP,X)",5,"DL := *{latch}; ADC(A, DL); A := ALU_RESULT; ALU_FLAGS_LD; END",FC38,300A,0012
63,RRA,"(ZP,X)",0,IR := *PC; PC += 1,0004,100A,0010
63,RRA,"(ZP,X)",1,DL := *PC; PC += 1,0004,100A,0010
63,RRA,"(ZP,X)",2,ADL := {calculate_zp_x_pointer}; DL := *{zeropage_indirect},0000,940A,0010
63,RRA,"(ZP,X)",3,TMP := DL; DL := *{zeropage_indirect_inc},0038,A00A,0090
63,RRA,"(ZP,X)",4,ADH := DL; ADL := TMP,0030,0C00,0000
63,RRA,"(ZP,X)",5,DL := *{latch}; TMP := *{latch},0000,300A,0090
63,RRA,"(ZP,X)",6,ROR(TMP); *{latch} := ALU_RESULT; DL := ALU_RESULT,7830,3005,0010
63,RRA,"(ZP,X)",7,"ADC(A, DL); A := ALU_RESULT; ALU_FLAGS_LD; END",FC38,0000,0002
65,ADC,ZP,0,IR := *PC; PC += 1,0004,100A,0010
65,ADC,ZP,1,DL := *PC; PC += 1,0004,100A,0010
65,ADC,ZP,2,ADL := DL,0038,0400,0000
65,ADC,ZP,3,"DL := *{zeropage}; ADC(A, DL); A := ALU_RESULT; ALU_FLAGS_LD; END",FC38,800A,0012
66,ROR,ZP,0,IR := *PC; PC += 1,0004,100A,0010
66,ROR,ZP,1,DL := *PC; PC += 1,0004,100A,0010
66,ROR,ZP,2,ADL := DL,0038,0400,0000
66,ROR,ZP,3,DL := *{zeropage}; TMP := *{zeropage},0000,800A,0090
66,ROR,ZP,4,ROR(TMP),5830,0000,0000
66,ROR,ZP,5,*{zeropage} := ALU_RESULT; ALU_FLAGS_LD; END,F800,8005,0012
67,RRA,ZP,0,IR := *PC; PC += 1,0004,100A,0010
67,RRA,ZP,1,DL := *PC; PC += 1,0004,100A,0010
67,RRA,ZP,2,ADL := DL,0038,0400,0000
67,RRA,ZP,3,DL := *{zeropage}; TMP := *{zeropage},0000,800A,0090
67,RRA,ZP,4,ROR(TMP); *{zeropage} := ALU_RESULT; DL := ALU_RESULT,7830,8005,0010
67,RRA,ZP,5,"ADC(A, DL); A := ALU_RESULT; ALU_FLAGS_LD; END",FC38,0000,0002
68,PLA,Impl,0,IR := *PC; PC += 1,0004,100A,0010
68,PLA,Impl,1,SP += 1,0000,0020,0000
68,PLA,Impl,2,DL := *SP,0000,200A,0010
68,PLA,Impl,3,A := DL; PASS(A); ALU_FLAGS_LD; END,F428,0000,0002
69,ADC,#Imm,0,IR := *PC; PC += 1,0004,100A,0010
69,ADC,#Imm,1,DL := *PC; PC += 1,0004,100A,0010
69,ADC,#Imm,2,"ADC(A, DL); A := ALU_RESULT; ALU_FLAGS_LD; END",FC38,0000,0002
6A,ROR,Acc,0,IR := *PC; PC += 1,0004,100A,0010
6A,ROR,Acc,1,ROR(A); A := ALU_RESULT; ALU_FLAGS_LD; END,FC28,0000,0002
6C,JMP,Ind,0,IR := *PC; PC += 1,0004,100A,0010
6C,JMP,Ind,1,DL := *PC; PC += 1; ADL := DL,003C,140A,0010
6C,JMP,Ind,2,DL := *PC; PC += 1; ADH := DL,003C,180A,0010
6C,JMP,Ind,3,DL := *{latch}; ADL := DL,0038,340A,0010
6C,JMP,Ind,4,DL := *{latch_inc}; ADH := DL,0038,C80A,0010
6C,JMP,Ind,5,"PC := {ADH, ADL}; END",0002,0000,0002
6D,ADC,Abs,0,IR := *PC; PC += 1,0004,100A,0010
6D,ADC,Abs,1,DL := *PC; PC += 1,0004,100A,0010
6D,ADC,Abs,2,ADL := DL; DL := *PC; PC += 1,003C,140A,0010
6D,ADC,Abs,3,ADH := DL,0038,0800,0000
6D,ADC,Abs,4,"DL := *{latch} + X; ADC(A, DL); A := ALU_RESULT; ALU_FLAGS_LD; END",FC38,320A,0012
6E,ROR,Abs,0,IR := *PC; PC += 1,0004,100A,0010
6E,ROR,Abs,1,DL := *PC; PC += 1,0004,100A,0010
6E,ROR,Abs,2,ADL := DL; DL := *PC; PC += 1,003C,140A,0010
6E,ROR,Abs,3,ADH := DL,0038,0800,0000
6E,ROR,Abs,4,DL := *{latch} + X; TMP := *{latch} + X,0000,320A,0090
6E,ROR,Abs,5,ROR(TMP),5830,0000,0000
6E,ROR,Abs,6,*{latch} + X := ALU_RESULT; ALU_FLAGS_LD; END,F800,3205,0012
6F,RRA,Abs,0,IR := *PC; PC += 1,0004,100A,0010
6F,RRA,Abs,1,DL := *PC; PC += 1,0004,100A,0010
6F,RRA,Abs,2,ADL := DL; DL := *PC; PC += 1,003C,140A,0010
6F,RRA,Abs,3,ADH := DL,0038,0800,0000
6F,RRA,Abs,4,DL := *{latch} + X; TMP := *{latch} + X,0000,320A,0090
6F,RRA,Abs,5,ROR(TMP); *{latch} + X := ALU_RESULT; DL := ALU_RESULT,7830,3205,0010
6F,RRA,Abs,6,"ADC(A, DL); A := ALU_RESULT; ALU_FLAGS_LD; END",FC38,0000,0002
70,BVS,Rel,0,IR := *PC; PC += 1,0004,100A,0010
70,BVS,Rel,1,ADL := *PC; PC += 1; TEST_BRANCH_EN; END,0004,140A,001A
70,BVS,Rel,2,PC := {pc_plus_offset}; END,0002,8000,0012
71,ADC,"(ZP),Y",0,IR := *PC; PC += 1,0004,100A,0010
71,ADC,"(ZP),Y",1,DL := *PC; PC += 1,0004,100A,0010
71,ADC,"(ZP),Y",2,ADL := DL; DL := *{zeropage_indirect},0038,940A,0010
71,ADC,"(ZP),Y",3,TMP := DL; DL := *{zeropage_indirect_inc},0038,A00A,0090
71,ADC,"(ZP),Y",4,ADH := DL; ADL := TMP,0030,0C00,0000
71,ADC,"(ZP),Y",5,"DL := *{latch} + Y; ADC(A, DL); A := ALU_RESULT; ALU_FLAGS_LD; END",FC38,310A,0012
73,RRA,"(ZP),Y",0,IR := *PC; PC += 1,0004,100A,0010
73,RRA,"(ZP),Y",1,DL := *PC; PC += 1,0004,100A,0010
73,RRA,"(ZP),Y",2,ADL := DL; DL := *{zeropage_indirect},0038,940A,0010
73,RRA,"(ZP),Y",3,TMP := DL; DL := *{zeropage_indirect_inc},0038,A00A,0090
73,RRA,"(ZP),Y",4,ADH := DL; ADL := TMP,0030,0C00,0000
73,RRA,"(ZP),Y",5,DL := *{latch} + Y; TMP := *{latch} + Y,0000,310A,0090
73,RRA,"(ZP),Y",6,ROR(TMP); *{latch} + Y := ALU_RESULT; DL := ALU_RESULT,7830,3105,0010
73,RRA,"(ZP),Y",7,"ADC(A, DL); A := ALU_RESULT; ALU_FLAGS_LD; END",FC38,0000,0002
75,ADC,"ZP,X",0,IR := *PC; PC += 1,0004,100A,0010
75,ADC,"ZP,X",1,DL := *PC; PC += 1,0004,100A,0010
75,ADC,"ZP,X",2,ADL := DL,0038,0400,0000
75,ADC,"ZP,X",3,DL := *{zeropage} + X; ADL := DL,0038,860A,0010
75,ADC,"ZP,X",4,"DL := *{zeropage}; ADC(A, DL); A := ALU_RESULT; ALU_FLAGS_LD; END",FC38,800A,0012
76,ROR,"ZP,X",0,IR := *PC; PC += 1,0004,100A,0010
76,ROR,"ZP,X",1,DL := *PC; PC += 1,0004,100A,0010
76,ROR,"ZP,X",2,ADL := DL,0038,0400,0000
76,ROR,"ZP,X",3,DL := *{zeropage} + X; ADL := DL,0038,860A,0010
76,ROR,"ZP,X",4,DL := *{zeropage}; TMP := *{zeropage},0000,800A,0090
76,ROR,"ZP,X",5,ROR(TMP),5830,0000,0000
76,ROR,"ZP,X",6,*{zeropage} := ALU_RESULT; ALU_FLAGS_LD; END,F800,8005,0012
77,RRA,"ZP,X",0,IR := *PC; PC += 1,0004,100A,0010
77,RRA,"ZP,X",1,DL := *PC; PC += 1,0004,100A,0010
77,RRA,"ZP,X",2,ADL := DL,0038,0400,0000
77,RRA,"ZP,X",3,DL := *{zeropage} + X; ADL := DL,0038,860A,0010
77,RRA,"ZP,X",4,DL := *{zeropage}; TMP := *{zeropage},0000,800A,0090
77,RRA,"ZP,X",5,ROR(TMP); *{zeropage} := ALU_RESULT; DL := ALU_RESULT,7830,8005,0010
77,RRA,"ZP,X",6,"ADC(A, DL); A := ALU_RESULT; ALU_FLAGS_LD; END",FC38,0000,0002
78,SEI,Impl,0,IR := *PC; PC += 1,0004,100A,0010
78,SEI,Impl,1,SETF(I); END,0000,0000,0402
79,ADC,"Abs,Y",0,IR := *PC; PC += 1,0004,100A,0010
79,ADC,"Abs,Y",1,DL := *PC; PC += 1,0004,100A,0010
79,ADC,"Abs,Y",2,ADL := DL; DL := *PC; PC += 1,003C,140A,0010
79,ADC,"Abs,Y",3,ADH := DL,0038,0800,0000
79,ADC,"Abs,Y",4,"DL := *{latch} + X; ADC(A, DL); A := ALU_RESULT; ALU_FLAGS_LD; END",FC38,320A,0012
7B,RRA,"Abs,Y",0,IR := *PC; PC += 1,0004,100A,0010
7B,RRA,"Abs,Y",1,DL := *PC; PC += 1,0004,100A,0010
7B,RRA,"Abs,Y",2,ADL := DL; DL := *PC; PC += 1,003C,140A,0010
7B,RRA,"Abs,Y",3,ADH := DL,0038,0800,0000
7B,RRA,"Abs,Y",4,DL := *{latch} + X; TMP := *{latch} + X,0000,320A,0090
7B,RRA,"Abs,Y",5,ROR(TMP); *{latch} + X := ALU_RESULT; DL := ALU_RESULT,7830,3205,0010
7B,RRA,"Abs,Y",6,"ADC(A, DL); A := ALU_RESULT; ALU_FLAGS_LD; END",FC38,0000,0002
7D,ADC,"Abs,X",0,IR := *PC; PC += 1,0004,100A,0010
7D,ADC,"Abs,X",1,DL := *PC; PC += 1,0004,100A,0010
7D,ADC,"Abs,X",2,ADL := DL; DL := *PC; PC += 1,003C,140A,0010
7D,ADC,"Abs,X",3,ADH := DL,0038,0800,0000
7D,ADC,"Abs,X",4,"DL := *{latch} + X; ADC(A, DL); A := ALU_RESULT; ALU_FLAGS_LD; END",FC38,320A,0012
7E,ROR,"Abs,X",0,IR := *PC; PC += 1,0004,100A,0010
7E,ROR,"Abs,X",1,DL := *PC; PC += 1,0004,100A,0010
7E,ROR,"Abs,X",2,ADL := DL; DL := *PC; PC += 1,003C,140A,0010
7E,ROR,"Abs,X",3,ADH := DL,0038,0800,0000
7E,ROR,"Abs,X",4,DL := *{latch} + X; TMP := *{latch} + X,0000,320A,0090
7E,ROR,"Abs,X",5,ROR(TMP),5830,0000,0000
7E,ROR,"Abs,X",6,*{latch} + X := ALU_RESULT; ALU_FLAGS_LD; END,F800,3205,0012
7F,RRA,"Abs,X",0,IR := *PC; PC += 1,0004,100A,0010
7F,RRA,"Abs,X",1,DL := *PC; PC += 1,0004,100A,0010
7F,RRA,"Abs,X",2,ADL := DL; DL := *PC; PC += 1,003C,140A,0010
7F,RRA,"Abs,X",3,ADH := DL,0038,0800,0000
7F,RRA,"Abs,X",4,DL := *{latch} + X; TMP := *{latch} + X,0000,320A,0090
7F,RRA,"Abs,X",5,ROR(TMP); *{latch} + X := ALU_RESULT; DL := ALU_RESULT,7830,3205,0010
7F,RRA,"Abs,X",6,"ADC(A, DL); A := ALU_RESULT; ALU_FLAGS_LD; END",FC38,0000,0002
81,STA,"(ZP,X)",0,IR := *PC; PC += 1,0004,100A,0010
81,STA,"(ZP,X)",1,DL := *PC; PC += 1,0004,100A,0010
81,STA,"(ZP,X)",2,ADL := {calculate_zp_x_pointer}; DL := *{zeropage_indirect},0000,940A,0010
81,STA,"(ZP,X)",3,TMP := DL; DL := *{zeropage_indirect_inc},0038,A00A,0090
81,STA,"(ZP,X)",4,ADH := DL; ADL := TMP,0030,0C00,0000
81,STA,"(ZP,X)",5,*{latch} := A; END,0028,3005,0012
83,SAX,"(ZP,X)",0,IR := *PC; PC += 1,0004,100A,0010
83,SAX,"(ZP,X)",1,DL := *PC; PC += 1,0004,100A,0010
83,SAX,"(ZP,X)",2,ADL := {calculate_zp_x_pointer}; DL := *{zeropage_indirect},0000,940A,0010
83,SAX,"(ZP,X)",3,TMP := DL; DL := *{zeropage_indirect_inc},0038,A00A,0090
83,SAX,"(ZP,X)",4,ADH := DL; ADL := TMP,0030,0C00,0000
83,SAX,"(ZP,X)",5,"TMP := X; AND(A, TMP)",1830,0000,0080
83,SAX,"(ZP,X)",6,*{latch} := ALU_RESULT; END,7800,3005,0012
84,STY,ZP,0,IR := *PC; PC += 1,0004,100A,0010
84,STY,ZP,1,DL := *PC; PC += 1,0004,100A,0010
84,STY,ZP,2,ADL := DL,0038,0400,0000
84,STY,ZP,3,*{zeropage} := Y; END,0018,8005,0012
85,STA,ZP,0,IR := *PC; PC += 1,0004,100A,0010
85,STA,ZP,1,DL := *PC; PC += 1,0004,100A,0010
85,STA,ZP,2,ADL := DL,0038,0400,0000
85,STA,ZP,3,*{zeropage} := A; END,0028,8005,0012
86,STX,ZP,0,IR := *PC; PC += 1,0004,100A,0010
86,STX,ZP,1,DL := *PC; PC += 1,0004,100A,0010
86,STX,ZP,2,ADL := DL,0038,0400,0000
86,STX,ZP,3,*{zeropage} := X; END,0020,8005,0012
87,SAX,ZP,0,IR := *PC; PC += 1,0004,100A,0010
87,SAX,ZP,1,DL := *PC; PC += 1,0004,100A,0010
87,SAX,ZP,2,ADL := DL,0038,0400,0000
87,SAX,ZP,3,"TMP := X; AND(A, TMP)",1830,0000,0080
87,SAX,ZP,4,*{zeropage} := ALU_RESULT; END,7800,8005,0012
88,DEY,Impl,0,IR := *PC; PC += 1,0004,100A,0010
88,DEY,Impl,1,DEC(Y); Y := ALU_RESULT; ALU_FLAGS_LD; END,F918,0000,0002
8A,TXA,Impl,0,IR := *PC; PC += 1,0004,100A,0010
8A,TXA,Impl,1,PASS(X); A := ALU_RESULT; ALU_FLAGS_LD; END,FC20,0000,0002
8C,STY,Abs,0,IR := *PC; PC += 1,0004,100A,0010
8C,STY,Abs,1,DL := *PC; PC += 1,0004,100A,0010
8C,STY,Abs,2,ADL := DL; DL := *PC; PC += 1,003C,140A,0010
8C,STY,Abs,3,ADH := DL,0038,0800,0000
8C,STY,Abs,4,*{latch} + X := Y; END,0018,3205,0012
8D,STA,Abs,0,IR := *PC; PC += 1,0004,100A,0010
8D,STA,Abs,1,DL := *PC; PC += 1,0004,100A,0010
8D,STA,Abs,2,ADL := DL; DL := *PC; PC += 1,003C,140A,0010
8D,STA,Abs,3,ADH := DL,0038,0800,0000
8D,STA,Abs,4,*{latch} + X := A; END,0028,3205,0012
8E,STX,Abs,0,IR := *PC; PC += 1,0004,100A,0010
8E,STX,Abs,1,DL := *PC; PC += 1,0004,100A,0010
8E,STX,Abs,2,ADL := DL; DL := *PC; PC += 1,003C,140A,0010
8E,STX,Abs,3,ADH := DL,0038,0800,0000
8E,STX,Abs,4,*{latch} + X := X; END,0020,3205,0012
8F,SAX,Abs,0,IR := *PC; PC += 1,0004,100A,0010
8F,SAX,Abs,1,DL := *PC; PC += 1,0004,100A,0010
8F,SAX,Abs,2,ADL := DL; DL := *PC; PC += 1,003C,140A,0010
8F,SAX,Abs,3,ADH := DL,0038,0800,0000
8F,SAX,Abs,4,"TMP := X; AND(A, TMP)",1830,0000,0080
8F,SAX,Abs,5,*{latch} + X := ALU_RESULT; END,7800,3205,0012
90,BCC,Rel,0,IR := *PC; PC += 1,0004,100A,0010
90,BCC,Rel,1,ADL := *PC; PC += 1; TEST_BRANCH_EN; END,0004,140A,001A
90,BCC,Rel,2,PC := {pc_plus_offset}; END,0002,8000,0012
91,STA,"(ZP),Y",0,IR := *PC; PC += 1,0004,100A,0010
91,STA,"(ZP),Y",1,DL := *PC; PC += 1,0004,100A,0010
91,STA,"(ZP),Y",2,ADL := DL; DL := *{zeropage_indirect},0038,940A,0010
91,STA,"(ZP),Y",3,TMP := DL; DL := *{zeropage_indirect_inc},0038,A00A,0090
91,STA,"(ZP),Y",4,ADH := DL; ADL := TMP,0030,0C00,0000
91,STA,"(ZP),Y",5,*{latch} + Y := A; END,0028,3105,0012
94,STY,"ZP,X",0,IR := *PC; PC += 1,0004,100A,0010
94,STY,"ZP,X",1,DL := *PC; PC += 1,0004,100A,0010
94,STY,"ZP,X",2,ADL := DL,0038,0400,0000
94,STY,"ZP,X",3,DL := *{zeropage} + X; ADL := DL,0038,860A,0010
94,STY,"ZP,X",4,*{zeropage} := Y; END,0018,8005,0012
95,STA,"ZP,X",0,IR := *PC; PC += 1,0004,100A,0010
95,STA,"ZP,X",1,DL := *PC; PC += 1,0004,100A,0010
95,STA,"ZP,X",2,ADL := DL,0038,0400,0000
95,STA,"ZP,X",3,DL := *{zeropage} + X; ADL := DL,0038,860A,0010
95,STA,"ZP,X",4,*{zeropage} := A; END,0028,8005,0012
96,STX,"ZP,Y",0,IR := *PC; PC += 1,0004,100A,0010
96,STX,"ZP,Y",1,DL := *PC; PC += 1,0004,100A,0010
96,STX,"ZP,Y",2,ADL := DL,0038,0400,0000
96,STX,"ZP,Y",3,DL := *{zeropage} + Y; ADL := DL,0038,850A,0010
96,STX,"ZP,Y",4,*{zeropage} := X; END,0020,8005,0012
97,SAX,"ZP,Y",0,IR := *PC; PC += 1,0004,100A,0010
97,SAX,"ZP,Y",1,DL := *PC; PC += 1,0004,100A,0010
97,SAX,"ZP,Y",2,ADL := DL,0038,0400,0000
97,SAX,"ZP,Y",3,DL := *{zeropage} + Y; ADL := DL,0038,850A,0010
97,SAX,"ZP,Y",4,"TMP := X; AND(A, TMP)",1830,0000,0080
97,SAX,"ZP,Y",5,*{zeropage} := ALU_RESULT; END,7800,8005,0012
98,TYA,Impl,0,IR := *PC; PC += 1,0004,100A,0010
98,TYA,Impl,1,PASS(Y); A := ALU_RESULT; ALU_FLAGS_LD; END,FC18,0000,0002
99,STA,"Abs,Y",0,IR := *PC; PC += 1,0004,100A,0010
99,STA,"Abs,Y",1,DL := *PC; PC += 1,0004,100A,0010
99,STA,"Abs,Y",2,ADL := DL; DL := *PC; PC += 1,003C,140A,0010
99,STA,"Abs,Y",3,ADH := DL,0038,0800,0000
99,STA,"Abs,Y",4,*{latch} + X := A; END,0028,3205,0012
9A,TXS,Impl,0,IR := *PC; PC += 1,0004,100A,0010
9A,TXS,Impl,1,SP := X; END,00A0,0000,0002
9D,STA,"Abs,X",0,IR := *PC; PC += 1,0004,100A,0010
9D,STA,"Abs,X",1,DL := *PC; PC += 1,0004,100A,0010
9D,STA,"Abs,X",2,ADL := DL; DL := *PC; PC += 1,003C,140A,0010
9D,STA,"Abs,X",3,ADH := DL,0038,0800,0000
9D,STA,"Abs,X",4,*{latch} + X := A; END,0028,3205,0012
A0,LDY,#Imm,0,IR := *PC; PC += 1,0004,100A,0010
A0,LDY,#Imm,1,DL := *PC; PC += 1,0004,100A,0010
A0,LDY,#Imm,2,PASS(DL); Y := ALU_RESULT; ALU_FLAGS_LD; END,F938,0000,0002
A1,LDA,"(ZP,X)",0,IR := *PC; PC += 1,0004,100A,0010
A1,LDA,"(ZP,X)",1,DL := *PC; PC += 1,0004,100A,0010
A1,LDA,"(ZP,X)",2,ADL := {calculate_zp_x_pointer}; DL := *{zeropage_indirect},0000,940A,0010
A1,LDA,"(ZP,X)",3,TMP := DL; DL := *{zeropage_indirect_inc},0038,A00A,0090
A1,LDA,"(ZP,X)",4,ADH := DL; ADL := TMP,0030,0C00,0000
A1,LDA,"(ZP,X)",5,"DL := *{latch}; PASS(A, DL); A := ALU_RESULT; ALU_FLAGS_LD; END",FC38,300A,0012
A2,LDX,#Imm,0,IR := *PC; PC += 1,0004,100A,0010
A2,LDX,#Imm,1,DL := *PC; PC += 1,0004,100A,0010
A2,LDX,#Imm,2,PASS(DL); X := ALU_RESULT; ALU_FLAGS_LD; END,FA38,0000,0002
A3,LAX,"(ZP,X)",0,IR := *PC; PC += 1,0004,100A,0010
A3,LAX,"(ZP,X)",1,DL := *PC; PC += 1,0004,100A,0010
A3,LAX,"(ZP,X)",2,ADL := {calculate_zp_x_pointer}; DL := *{zeropage_indirect},0000,940A,0010
A3,LAX,"(ZP,X)",3,TMP := DL; DL := *{zeropage_indirect_inc},0038,A00A,0090
A3,LAX,"(ZP,X)",4,ADH := DL; ADL := TMP,0030,0C00,0000
A3,LAX,"(ZP,X)",5,DL := *{latch}; A := DL; X := DL; PASS(A); ALU_FLAGS_LD; END,F628,300A,0012
A4,LDY,ZP,0,IR := *PC; PC += 1,0004,100A,0010
A4,LDY,ZP,1,DL := *PC; PC += 1,0004,100A,0010
A4,LDY,ZP,2,ADL := DL,0038,0400,0000
A4,LDY,ZP,3,"DL := *{zeropage}; PASS(Y, DL); Y := ALU_RESULT; ALU_FLAGS_LD; END",F938,800A,0012
A5,LDA,ZP,0,IR := *PC; PC += 1,0004,100A,0010
A5,LDA,ZP,1,DL := *PC; PC += 1,0004,100A,0010
A5,LDA,ZP,2,ADL := DL,0038,0400,0000
A5,LDA,ZP,3,"DL := *{zeropage}; PASS(A, DL); A := ALU_RESULT; ALU_FLAGS_LD; END",FC38,800A,0012
A6,LDX,ZP,0,IR := *PC; PC += 1,0004,100A,0010
A6,LDX,ZP,1,DL := *PC; PC += 1,0004,100A,0010
A6,LDX,ZP,2,ADL := DL,0038,0400,0000
A6,LDX,ZP,3,"DL := *{zeropage}; PASS(X, DL); X := ALU_RESULT; ALU_FLAGS_LD; END",FA38,800A,0012
A7,LAX,ZP,0,IR := *PC; PC += 1,0004,100A,0010
A7,LAX,ZP,1,DL := *PC; PC += 1,0004,100A,0010
A7,LAX,ZP,2,ADL := DL,0038,0400,0000
A7,LAX,ZP,3,DL := *{zeropage}; A := DL; X := DL; PASS(A); ALU_FLAGS_LD; END,F628,800A,0012
A8,TAY,Impl,0,IR := *PC; PC += 1,0004,100A,0010
A8,TAY,Impl,1,PASS(A); Y := ALU_RESULT; ALU_FLAGS_LD; END,F928,0000,0002
A9,LDA,#Imm,0,IR := *PC; PC += 1,0004,100A,0010
A9,LDA,#Imm,1,DL := *PC; PC += 1,0004,100A,0010
A9,LDA,#Imm,2,PASS(DL); A := ALU_RESULT; ALU_FLAGS_LD; END,FC38,0000,0002
AA,TAX,Impl,0,IR := *PC; PC += 1,0004,100A,0010
AA,TAX,Impl,1,PASS(A); X := ALU_RESULT; ALU_FLAGS_LD; END,FA28,0000,0002
AC,LDY,Abs,0,IR := *PC; PC += 1,0004,100A,0010
AC,LDY,Abs,1,DL := *PC; PC += 1,0004,100A,0010
AC,LDY,Abs,2,ADL := DL; DL := *PC; PC += 1,003C,140A,0010
AC,LDY,Abs,3,ADH := DL,0038,0800,0000
AC,LDY,Abs,4,"DL := *{latch} + X; PASS(Y, DL); Y := ALU_RESULT; ALU_FLAGS_LD; END",F938,320A,0012
AD,LDA,Abs,0,IR := *PC; PC += 1,0004,100A,0010
AD,LDA,Abs,1,DL := *PC; PC += 1,0004,100A,0010
AD,LDA,Abs,2,ADL := DL; DL := *PC; PC += 1,003C,140A,0010
AD,LDA,Abs,3,ADH := DL,0038,0800,0000
AD,LDA,Abs,4,"DL := *{latch} + X; PASS(A, DL); A := ALU_RESULT; ALU_FLAGS_LD; END",FC38,320A,0012
AE,LDX,Abs,0,IR := *PC; PC += 1,0004,100A,0010
AE,LDX,Abs,1,DL := *PC; PC += 1,0004,100A,0010
AE,LDX,Abs,2,ADL := DL; DL := *PC; PC += 1,003C,140A,0010
AE,LDX,Abs,3,ADH := DL,0038,0800,0000
AE,LDX,Abs,4,"DL := *{latch} + X; PASS(X, DL); X := ALU_RESULT; ALU_FLAGS_LD; END",FA38,320A,0012
AF,LAX,Abs,0,IR := *PC; PC += 1,0004,100A,0010
AF,LAX,Abs,1,DL := *PC; PC += 1,0004,100A,0010
AF,LAX,Abs,2,ADL := DL; DL := *PC; PC += 1,003C,140A,0010
AF,LAX,Abs,3,ADH := DL,0038,0800,0000
AF,LAX,Abs,4,DL := *{latch}; A := DL; X := DL; PASS(A); ALU_FLAGS_LD; END,F628,300A,0012
B0,BCS,Rel,0,IR := *PC; PC += 1,0004,100A,0010
B0,BCS,Rel,1,ADL := *PC; PC += 1; TEST_BRANCH_EN; END,0004,140A,001A
B0,BCS,Rel,2,PC := {pc_plus_offset}; END,0002,8000,0012
B1,LDA,"(ZP),Y",0,IR := *PC; PC += 1,0004,100A,0010
B1,LDA,"(ZP),Y",1,DL := *PC; PC += 1,0004,100A,0010
B1,LDA,"(ZP),Y",2,ADL := DL; DL := *{zeropage_indirect},0038,940A,0010
B1,LDA,"(ZP),Y",3,TMP := DL; DL := *{zeropage_indirect_inc},0038,A00A,0090
B1,LDA,"(ZP),Y",4,ADH := DL; ADL := TMP,0030,0C00,0000
B1,LDA,"(ZP),Y",5,"DL := *{latch} + Y; PASS(A, DL); A := ALU_RESULT; ALU_FLAGS_LD; END",FC38,310A,0012
B3,LAX,"(ZP),Y",0,IR := *PC; PC += 1,0004,100A,0010
B3,LAX,"(ZP),Y",1,DL := *PC; PC += 1,0004,100A,0010
B3,LAX,"(ZP),Y",2,ADL := DL; DL := *{zeropage_indirect},0038,940A,0010
B3,LAX,"(ZP),Y",3,TMP := DL; DL := *{zeropage_indirect_inc},0038,A00A,0090
B3,LAX,"(ZP),Y",4,ADH := DL; ADL := TMP,0030,0C00,0000
B3,LAX,"(ZP),Y",5,DL := *{latch} + Y; A := DL; X := DL; PASS(A); ALU_FLAGS_LD; END,F628,310A,0012
B4,LDY,"ZP,X",0,IR := *PC; PC += 1,0004,100A,0010
B4,LDY,"ZP,X",1,DL := *PC; PC += 1,0004,100A,0010
B4,LDY,"ZP,X",2,ADL := DL,0038,0400,0000
B4,LDY,"ZP,X",3,DL := *{zeropage} + X; ADL := DL,0038,860A,0010
B4,LDY,"ZP,X",4,"DL := *{zeropage}; PASS(Y, DL); Y := ALU_RESULT; ALU_FLAGS_LD; END",F938,800A,0012
B5,LDA,"ZP,X",0,IR := *PC; PC += 1,0004,100A,0010
B5,LDA,"ZP,X",1,DL := *PC; PC += 1,0004,100A,0010
B5,LDA,"ZP,X",2,ADL := DL,0038,0400,0000
B5,LDA,"ZP,X",3,DL := *{zeropage} + X; ADL := DL,0038,860A,0010
B5,LDA,"ZP,X",4,"DL := *{zeropage}; PASS(A, DL); A := ALU_RESULT; ALU_FLAGS_LD; END",FC38,800A,0012
B6,LDX,"ZP,Y",0,IR := *PC; PC += 1,0004,100A,0010
B6,LDX,"ZP,Y",1,DL := *PC; PC += 1,0004,100A,0010
B6,LDX,"ZP,Y",2,ADL := DL,0038,0400,0000
B6,LDX,"ZP,Y",3,DL := *{zeropage} + Y; ADL := DL,0038,850A,0010
B6,LDX,"ZP,Y",4,"DL := *{zeropage}; PASS(X, DL); X := ALU_RESULT; ALU_FLAGS_LD; END",FA38,800A,0012
B7,LAX,"ZP,Y",0,IR := *PC; PC += 1,0004,100A,0010
B7,LAX,"ZP,Y",1,DL := *PC; PC += 1,0004,100A,0010
B7,LAX,"ZP,Y",2,ADL := DL,0038,0400,0000
B7,LAX,"ZP,Y",3,DL := *{zeropage} + Y; ADL := DL,0038,850A,0010
B7,LAX,"ZP,Y",4,DL := *{zeropage}; DL := *{zeropage} + Y; A := DL; X := DL; PASS(A); ALU_FLAGS_LD; END,F628,810A,0012
B8,CLV,Impl,0,IR := *PC; PC += 1,0004,100A,0010
B8,CLV,Impl,1,CLRF(V); END,0000,0000,0102
B9,LDA,"Abs,Y",0,IR := *PC; PC += 1,0004,100A,0010
B9,LDA,"Abs,Y",1,DL := *PC; PC += 1,0004,100A,0010
B9,LDA,"Abs,Y",2,ADL := DL; DL := *PC; PC += 1,003C,140A,0010
B9,LDA,"Abs,Y",3,ADH := DL,0038,0800,0000
B9,LDA,"Abs,Y",4,"DL := *{latch} + X; PASS(A, DL); A := ALU_RESULT; ALU_FLAGS_LD; END",FC38,320A,0012
BA,TSX,Impl,0,IR := *PC; PC += 1,0004,100A,0010
BA,TSX,Impl,1,PASS(SP); X := ALU_RESULT; ALU_FLAGS_LD; END,FA10,0000,0002
BC,LDY,"Abs,X",0,IR := *PC; PC += 1,0004,100A,0010
BC,LDY,"Abs,X",1,DL := *PC; PC += 1,0004,100A,0010
BC,LDY,"Abs,X",2,ADL := DL; DL := *PC; PC += 1,003C,140A,0010
BC,LDY,"Abs,X",3,ADH := DL,0038,0800,0000
BC,LDY,"Abs,X",4,"DL := *{latch} + X; PASS(Y, DL); Y := ALU_RESULT; ALU_FLAGS_LD; END",F938,320A,0012
BD,LDA,"Abs,X",0,IR := *PC; PC += 1,0004,100A,0010
BD,LDA,"Abs,X",1,DL := *PC; PC += 1,0004,100A,0010
BD,LDA,"Abs,X",2,ADL := DL; DL := *PC; PC += 1,003C,140A,0010
BD,LDA,"Abs,X",3,ADH := DL,0038,0800,0000
BD,LDA,"Abs,X",4,"DL := *{latch} + X; PASS(A, DL); A := ALU_RESULT; ALU_FLAGS_LD; END",FC38,320A,0012
BE,LDX,"Abs,Y",0,IR := *PC; PC += 1,0004,100A,0010
BE,LDX,"Abs,Y",1,DL := *PC; PC += 1,0004,100A,0010
BE,LDX,"Abs,Y",2,ADL := DL; DL := *PC; PC += 1,003C,140A,0010
BE,LDX,"Abs,Y",3,ADH := DL,0038,0800,0000
BE,LDX,"Abs,Y",4,"DL := *{latch} + X; PASS(X, DL); X := ALU_RESULT; ALU_FLAGS_LD; END",FA38,320A,0012
BF,LAX,"Abs,Y",0,IR := *PC; PC += 1,0004,100A,0010
BF,LAX,"Abs,Y",1,DL := *PC; PC += 1,0004,100A,0010
BF,LAX,"Abs,Y",2,ADL := DL; DL := *PC; PC += 1,003C,140A,0010
BF,LAX,"Abs,Y",3,ADH := DL,0038,0800,0000
BF,LAX,"Abs,Y",4,DL := *{latch} + Y; A := DL; X := DL; PASS(A); ALU_FLAGS_LD; END,F628,310A,0012
C0,CPY,#Imm,0,IR := *PC; PC += 1,0004,100A,0010
C0,CPY,#Imm,1,DL := *PC; PC += 1,0004,100A,0010
C0,CPY,#Imm,2,"CMP(Y, DL); ALU_FLAGS_LD; END",B838,0000,0002
C1,CMP,"(ZP,X)",0,IR := *PC; PC += 1,0004,100A,0010
C1,CMP,"(ZP,X)",1,DL := *PC; PC += 1,0004,100A,0010
C1,CMP,"(ZP,X)",2,ADL := {calculate_zp_x_pointer}; DL := *{zeropage_indirect},0000,940A,0010
C1,CMP,"(ZP,X)",3,TMP := DL; DL := *{zeropage_indirect_inc},0038,A00A,0090
C1,CMP,"(ZP,X)",4,ADH := DL; ADL := TMP,0030,0C00,0000
C1,CMP,"(ZP,X)",5,"DL := *{latch}; CMP(A, DL); A := ALU_RESULT; ALU_FLAGS_LD; END",FC38,300A,0012
C3,DCP,"(ZP,X)",0,IR := *PC; PC += 1,0004,100A,0010
C3,DCP,"(ZP,X)",1,DL := *PC; PC += 1,0004,100A,0010
C3,DCP,"(ZP,X)",2,ADL := {calculate_zp_x_pointer}; DL := *{zeropage_indirect},0000,940A,0010
C3,DCP,"(ZP,X)",3,TMP := DL; DL := *{zeropage_indirect_inc},0038,A00A,0090
C3,DCP,"(ZP,X)",4,ADH := DL; ADL := TMP,0030,0C00,0000
C3,DCP,"(ZP,X)",5,DL := *{latch}; TMP := *{latch},0000,300A,0090
C3,DCP,"(ZP,X)",6,DEC(TMP); *{latch} := ALU_RESULT; DL := ALU_RESULT,7830,3005,0010
C3,DCP,"(ZP,X)",7,"CMP(A, DL); A := ALU_RESULT; ALU_FLAGS_LD; END",FC38,0000,0002
C4,CPY,ZP,0,IR := *PC; PC += 1,0004,100A,0010
C4,CPY,ZP,1,DL := *PC; PC += 1,0004,100A,0010
C4,CPY,ZP,2,ADL := DL,0038,0400,0000
C4,CPY,ZP,3,"DL := *{zeropage}; CMP(Y, DL); Y := ALU_RESULT; ALU_FLAGS_LD; END",F938,800A,0012
C5,CMP,ZP,0,IR := *PC; PC += 1,0004,100A,0010
C5,CMP,ZP,1,DL := *PC; PC += 1,0004,100A,0010
C5,CMP,ZP,2,ADL := DL,0038,0400,0000
C5,CMP,ZP,3,"DL := *{zeropage}; CMP(A, DL); A := ALU_RESULT; ALU_FLAGS_LD; END",FC38,800A,0012
C6,DEC,ZP,0,IR := *PC; PC += 1,0004,100A,0010
C6,DEC,ZP,1,DL := *PC; PC += 1,0004,100A,0010
C6,DEC,ZP,2,ADL := DL,0038,0400,0000
C6,DEC,ZP,3,DL := *{zeropage}; TMP := *{zeropage},0000,800A,0090
C6,DEC,ZP,4,DEC(TMP),6830,0000,0000
C6,DEC,ZP,5,*{zeropage} := ALU_RESULT; ALU_FLAGS_LD; END,F800,8005,0012
C7,DCP,ZP,0,IR := *PC; PC += 1,0004,100A,0010
C7,DCP,ZP,1,DL := *PC; PC += 1,0004,100A,0010
C7,DCP,ZP,2,ADL := DL,0038,0400,0000
C7,DCP,ZP,3,DL := *{zeropage}; TMP := *{zeropage},0000,800A,0090
C7,DCP,ZP,4,DEC(TMP); *{zeropage} := ALU_RESULT; DL := ALU_RESULT,7830,8005,0010
C7,DCP,ZP,5,"CMP(A, DL); A := ALU_RESULT; ALU_FLAGS_LD; END",FC38,0000,0002
C8,INY,Impl,0,IR := *PC; PC += 1,0004,100A,0010
C8,INY,Impl,1,INC(Y); Y := ALU_RESULT; ALU_FLAGS_LD; END,F918,0000,0002
C9,CMP,#Imm,0,IR := *PC; PC += 1,0004,100A,0010
C9,CMP,#Imm,1,DL := *PC; PC += 1,0004,100A,0010
C9,CMP,#Imm,2,"CMP(A, DL); ALU_FLAGS_LD; END",B838,0000,0002
CA,DEX,Impl,0,IR := *PC; PC += 1,0004,100A,0010
CA,DEX,Impl,1,DEC(X); X := ALU_RESULT; ALU_FLAGS_LD; END,FA20,0000,0002
CC,CPY,Abs,0,IR := *PC; PC += 1,0004,100A,0010
CC,CPY,Abs,1,DL := *PC; PC += 1,0004,100A,0010
CC,CPY,Abs,2,ADL := DL; DL := *PC; PC += 1,003C,140A,0010
CC,CPY,Abs,3,ADH := DL,0038,0800,0000
CC,CPY,Abs,4,"DL := *{latch} + X; CMP(Y, DL); Y := ALU_RESULT; ALU_FLAGS_LD; END",F938,320A,0012
CD,CMP,Abs,0,IR := *PC; PC += 1,0004,100A,0010
CD,CMP,Abs,1,DL := *PC; PC += 1,0004,100A,0010
CD,CMP,Abs,2,ADL := DL; DL := *PC; PC += 1,003C,140A,0010
CD,CMP,Abs,3,ADH := DL,0038,0800,0000
CD,CMP,Abs,4,"DL := *{latch} + X; CMP(A, DL); A := ALU_RESULT; ALU_FLAGS_LD; END",FC38,320A,0012
CE,DEC,Abs,0,IR := *PC; PC += 1,0004,100A,0010
CE,DEC,Abs,1,DL := *PC; PC += 1,0004,100A,0010
CE,DEC,Abs,2,ADL := DL; DL := *PC; PC += 1,003C,140A,0010
CE,DEC,Abs,3,ADH := DL,0038,0800,0000
CE,DEC,Abs,4,DL := *{latch} + X; TMP := *{latch} + X,0000,320A,0090
CE,DEC,Abs,5,DEC(TMP),6830,0000,0000
CE,DEC,Abs,6,*{latch} + X := ALU_RESULT; ALU_FLAGS_LD; END,F800,3205,0012
CF,DCP,Abs,0,IR := *PC; PC += 1,0004,100A,0010
CF,DCP,Abs,1,DL := *PC; PC += 1,0004,100A,0010
CF,DCP,Abs,2,ADL := DL; DL := *PC; PC += 1,003C,140A,0010
CF,DCP,Abs,3,ADH := DL,0038,0800,0000
CF,DCP,Abs,4,DL := *{latch} + X; TMP := *{latch} + X,0000,320A,0090
CF,DCP,Abs,5,DEC(TMP); *{latch} + X := ALU_RESULT; DL := ALU_RESULT,7830,3205,0010
CF,DCP,Abs,6,"CMP(A, DL); A := ALU_RESULT; ALU_FLAGS_LD; END",FC38,0000,0002
D0,BNE,Rel,0,IR := *PC; PC += 1,0004,100A,0010
D0,BNE,Rel,1,ADL := *PC; PC += 1; TEST_BRANCH_EN; END,0004,140A,001A
D0,BNE,Rel,2,PC := {pc_plus_offset}; END,0002,8000,0012
D1,CMP,"(ZP),Y",0,IR := *PC; PC += 1,0004,100A,0010
D1,CMP,"(ZP),Y",1,DL := *PC; PC += 1,0004,100A,0010
D1,CMP,"(ZP),Y",2,ADL := DL; DL := *{zeropage_indirect},0038,940A,0010
D1,CMP,"(ZP),Y",3,TMP := DL; DL := *{zeropage_indirect_inc},0038,A00A,0090
D1,CMP,"(ZP),Y",4,ADH := DL; ADL := TMP,0030,0C00,0000
D1,CMP,"(ZP),Y",5,"DL := *{latch} + Y; CMP(A, DL); A := ALU_RESULT; ALU_FLAGS_LD; END",FC38,310A,0012
D3,DCP,"(ZP),Y",0,IR := *PC; PC += 1,0004,100A,0010
D3,DCP,"(ZP),Y",1,DL := *PC; PC += 1,0004,100A,0010
D3,DCP,"(ZP),Y",2,ADL := DL; DL := *{zeropage_indirect},0038,940A,0010
D3,DCP,"(ZP),Y",3,TMP := DL; DL := *{zeropage_indirect_inc},0038,A00A,0090
D3,DCP,"(ZP),Y",4,ADH := DL; ADL := TMP,0030,0C00,0000
D3,DCP,"(ZP),Y",5,DL := *{latch} + Y; TMP := *{latch} + Y,0000,310A,0090
D3,DCP,"(ZP),Y",6,DEC(TMP); *{latch} + Y := ALU_RESULT; DL := ALU_RESULT,7830,3105,0010
D3,DCP,"(ZP),Y",7,"CMP(A, DL); A := ALU_RESULT; ALU_FLAGS_LD; END",FC38,0000,0002
D5,CMP,"ZP,X",0,IR := *PC; PC += 1,0004,100A,0010
D5,CMP,"ZP,X",1,DL := *PC; PC += 1,0004,100A,0010
D5,CMP,"ZP,X",2,ADL := DL,0038,0400,0000
D5,CMP,"ZP,X",3,DL := *{zeropage} + X; ADL := DL,0038,860A,0010
D5,CMP,"ZP,X",4,"DL := *{zeropage}; CMP(A, DL); A := ALU_RESULT; ALU_FLAGS_LD; END",FC38,800A,0012
D6,DEC,"ZP,X",0,IR := *PC; PC += 1,0004,100A,0010
D6,DEC,"ZP,X",1,DL := *PC; PC += 1,0004,100A,0010
D6,DEC,"ZP,X",2,ADL := DL,0038,0400,0000
D6,DEC,"ZP,X",3,DL := *{zeropage} + X; ADL := DL,0038,860A,0010
D6,DEC,"ZP,X",4,DL := *{zeropage}; TMP := *{zeropage},0000,800A,0090
D6,DEC,"ZP,X",5,DEC(TMP),6830,0000,0000
D6,DEC,"ZP,X",6,*{zeropage} := ALU_RESULT; ALU_FLAGS_LD; END,F800,8005,0012
D7,DCP,"ZP,X",0,IR := *PC; PC += 1,0004,100A,0010
D7,DCP,"ZP,X",1,DL := *PC; PC += 1,0004,100A,0010
D7,DCP,"ZP,X",2,ADL := DL,0038,0400,0000
D7,DCP,"ZP,X",3,DL := *{zeropage} + X; ADL := DL,0038,860A,0010
D7,DCP,"ZP,X",4,DL := *{zeropage}; TMP := *{zeropage},0000,800A,0090
D7,DCP,"ZP,X",5,DEC(TMP); *{zeropage} := ALU_RESULT; DL := ALU_RESULT,7830,8005,0010
D7,DCP,"ZP,X",6,"CMP(A, DL); A := ALU_RESULT; ALU_FLAGS_LD; END",FC38,0000,0002
D8,CLD,Impl,0,IR := *PC; PC += 1,0004,100A,0010
D8,CLD,Impl,1,CLRF(D); END,0000,0000,0802
D9,CMP,"Abs,Y",0,IR := *PC; PC += 1,0004,100A,0010
D9,CMP,"Abs,Y",1,DL := *PC; PC += 1,0004,100A,0010
D9,CMP,"Abs,Y",2,ADL := DL; DL := *PC; PC += 1,003C,140A,0010
D9,CMP,"Abs,Y",3,ADH := DL,0038,0800,0000
D9,CMP,"Abs,Y",4,"DL := *{latch} + X; CMP(A, DL); A := ALU_RESULT; ALU_FLAGS_LD; END",FC38,320A,0012
DB,DCP,"Abs,Y",0,IR := *PC; PC += 1,0004,100A,0010
DB,DCP,"Abs,Y",1,DL := *PC; PC += 1,0004,100A,0010
DB,DCP,"Abs,Y",2,ADL := DL; DL := *PC; PC += 1,003C,140A,0010
DB,DCP,"Abs,Y",3,ADH := DL,0038,0800,0000
DB,DCP,"Abs,Y",4,DL := *{latch} + X; TMP := *{latch} + X,0000,320A,0090
DB,DCP,"Abs,Y",5,DEC(TMP); *{latch} + X := ALU_RESULT; DL := ALU_RESULT,7830,3205,0010
DB,DCP,"Abs,Y",6,"CMP(A, DL); A := ALU_RESULT; ALU_FLAGS_LD; END",FC38,0000,0002
DD,CMP,"Abs,X",0,IR := *PC; PC += 1,0004,100A,0010
DD,CMP,"Abs,X",1,DL := *PC; PC += 1,0004,100A,0010
DD,CMP,"Abs,X",2,ADL := DL; DL := *PC; PC += 1,003C,140A,0010
DD,CMP,"Abs,X",3,ADH := DL,0038,0800,0000
DD,CMP,"Abs,X",4,"DL := *{latch} + X; CMP(A, DL); A := ALU_RESULT; ALU_FLAGS_LD; END",FC38,320A,0012
DE,DEC,"Abs,X",0,IR := *PC; PC += 1,0004,100A,0010
DE,DEC,"Abs,X",1,DL := *PC; PC += 1,0004,100A,0010
DE,DEC,"Abs,X",2,ADL := DL; DL := *PC; PC += 1,003C,140A,0010
DE,DEC,"Abs,X",3,ADH := DL,0038,0800,0000
DE,DEC,"Abs,X",4,DL := *{latch} + X; TMP := *{latch} + X,0000,320A,0090
DE,DEC,"Abs,X",5,DEC(TMP),6830,0000,0000
DE,DEC,"Abs,X",6,*{latch} + X := ALU_RESULT; ALU_FLAGS_LD; END,F800,3205,0012
DF,DCP,"Abs,X",0,IR := *PC; PC += 1,0004,100A,0010
DF,DCP,"Abs,X",1,DL := *PC; PC += 1,0004,100A,0010
DF,DCP,"Abs,X",2,ADL := DL; DL := *PC; PC += 1,003C,140A,0010
DF,DCP,"Abs,X",3,ADH := DL,0038,0800,0000
DF,DCP,"Abs,X",4,DL := *{latch} + X; TMP := *{latch} + X,0000,320A,0090
DF,DCP,"Abs,X",5,DEC(TMP); *{latch} + X := ALU_RESULT; DL := ALU_RESULT,7830,3205,0010
DF,DCP,"Abs,X",6,"CMP(A, DL); A := ALU_RESULT; ALU_FLAGS_LD; END",FC38,0000,0002
E0,CPX,#Imm,0,IR := *PC; PC += 1,0004,100A,0010
E0,CPX,#Imm,1,DL := *PC; PC += 1,0004,100A,0010
E0,CPX,#Imm,2,"CMP(X, DL); ALU_FLAGS_LD; END",B838,0000,0002
E1,SBC,"(ZP,X)",0,IR := *PC; PC += 1,0004,100A,0010
E1,SBC,"(ZP,X)",1,DL := *PC; PC += 1,0004,100A,0010
E1,SBC,"(ZP,X)",2,ADL := {calculate_zp_x_pointer}; DL := *{zeropage_indirect},0000,940A,0010
E1,SBC,"(ZP,X)",3,TMP := DL; DL := *{zeropage_indirect_inc},0038,A00A,0090
E1,SBC,"(ZP,X)",4,ADH := DL; ADL := TMP,0030,0C00,0000
E1,SBC,"(ZP,X)",5,"DL := *{latch}; SBC(A, DL); A := ALU_RESULT; ALU_FLAGS_LD; END",FC38,300A,0012
E3,ISC,"(ZP,X)",0,IR := *PC; PC += 1,0004,100A,0010
E3,ISC,"(ZP,X)",1,DL := *PC; PC += 1,0004,100A,0010
E3,ISC,"(ZP,X)",2,ADL := {calculate_zp_x_pointer}; DL := *{zeropage_indirect},0000,940A,0010
E3,ISC,"(ZP,X)",3,TMP := DL; DL := *{zeropage_indirect_inc},0038,A00A,0090
E3,ISC,"(ZP,X)",4,ADH := DL; ADL := TMP,0030,0C00,0000
E3,ISC,"(ZP,X)",5,DL := *{latch}; TMP := *{latch},0000,300A,0090
E3,ISC,"(ZP,X)",6,INC(TMP); *{latch} := ALU_RESULT; DL := ALU_RESULT,7830,3005,0010
E3,ISC,"(ZP,X)",7,"SBC(A, DL); A := ALU_RESULT; ALU_FLAGS_LD; END",FC38,0000,0002
E4,CPX,ZP,0,IR := *PC; PC += 1,0004,100A,0010
E4,CPX,ZP,1,DL := *PC; PC += 1,0004,100A,0010
E4,CPX,ZP,2,ADL := DL,0038,0400,0000
E4,CPX,ZP,3,"DL := *{zeropage}; CMP(X, DL); X := ALU_RESULT; ALU_FLAGS_LD; END",FA38,800A,0012
E5,SBC,ZP,0,IR := *PC; PC += 1,0004,100A,0010
E5,SBC,ZP,1,DL := *PC; PC += 1,0004,100A,0010
E5,SBC,ZP,2,ADL := DL,0038,0400,0000
E5,SBC,ZP,3,"DL := *{zeropage}; SBC(A, DL); A := ALU_RESULT; ALU_FLAGS_LD; END",FC38,800A,0012
E6,INC,ZP,0,IR := *PC; PC += 1,0004,100A,0010
E6,INC,ZP,1,DL := *PC; PC += 1,0004,100A,0010
E6,INC,ZP,2,ADL := DL,0038,0400,0000
E6,INC,ZP,3,DL := *{zeropage}; TMP := *{zeropage},0000,800A,0090
E6,INC,ZP,4,INC(TMP),6030,0000,0000
E6,INC,ZP,5,*{zeropage} := ALU_RESULT; ALU_FLAGS_LD; END,F800,8005,0012
E7,ISC,ZP,0,IR := *PC; PC += 1,0004,100A,0010
E7,ISC,ZP,1,DL := *PC; PC += 1,0004,100A,0010
E7,ISC,ZP,2,ADL := DL,0038,0400,0000
E7,ISC,ZP,3,DL := *{zeropage}; TMP := *{zeropage},0000,800A,0090
E7,ISC,ZP,4,INC(TMP); *{zeropage} := ALU_RESULT; DL := ALU_RESULT,7830,8005,0010
E7,ISC,ZP,5,"SBC(A, DL); A := ALU_RESULT; ALU_FLAGS_LD; END",FC38,0000,0002
E8,INX,Impl,0,IR := *PC; PC += 1,0004,100A,0010
E8,INX,Impl,1,INC(X); X := ALU_RESULT; ALU_FLAGS_LD; END,FA20,0000,0002
E9,SBC,#Imm,0,IR := *PC; PC += 1,0004,100A,0010
E9,SBC,#Imm,1,DL := *PC; PC += 1,0004,100A,0010
E9,SBC,#Imm,2,"SBC(A, DL); A := ALU_RESULT; ALU_FLAGS_LD; END",FC38,0000,0002
EA,NOP,Impl,0,IR := *PC; PC += 1,0004,100A,0010
EA,NOP,Impl,1,END,0000,0000,0002
EC,CPX,Abs,0,IR := *PC; PC += 1,0004,100A,0010
EC,CPX,Abs,1,DL := *PC; PC += 1,0004,100A,0010
EC,CPX,Abs,2,ADL := DL; DL := *PC; PC += 1,003C,140A,0010
EC,CPX,Abs,3,ADH := DL,0038,0800,0000
EC,CPX,Abs,4,"DL := *{latch} + X; CMP(X, DL); X := ALU_RESULT; ALU_FLAGS_LD; END",FA38,320A,0012
ED,SBC,Abs,0,IR := *PC; PC += 1,0004,100A,0010
ED,SBC,Abs,1,DL := *PC; PC += 1,0004,100A,0010
ED,SBC,Abs,2,ADL := DL; DL := *PC; PC += 1,003C,140A,0010
ED,SBC,Abs,3,ADH := DL,0038,0800,0000
ED,SBC,Abs,4,"DL := *{latch} + X; SBC(A, DL); A := ALU_RESULT; ALU_FLAGS_LD; END",FC38,320A,0012
EE,INC,Abs,0,IR := *PC; PC += 1,0004,100A,0010
EE,INC,Abs,1,DL := *PC; PC += 1,0004,100A,0010
EE,INC,Abs,2,ADL := DL; DL := *PC; PC += 1,003C,140A,0010
EE,INC,Abs,3,ADH := DL,0038,0800,0000
EE,INC,Abs,4,DL := *{latch} + X; TMP := *{latch} + X,0000,320A,0090
EE,INC,Abs,5,INC(TMP),6030,0000,0000
EE,INC,Abs,6,*{latch} + X := ALU_RESULT; ALU_FLAGS_LD; END,F800,3205,0012
EF,ISC,Abs,0,IR := *PC; PC += 1,0004,100A,0010
EF,ISC,Abs,1,DL := *PC; PC += 1,0004,100A,0010
EF,ISC,Abs,2,ADL := DL; DL := *PC; PC += 1,003C,140A,0010
EF,ISC,Abs,3,ADH := DL,0038,0800,0000
EF,ISC,Abs,4,DL := *{latch} + X; TMP := *{latch} + X,0000,320A,0090
EF,ISC,Abs,5,INC(TMP); *{latch} + X := ALU_RESULT; DL := ALU_RESULT,7830,3205,0010
EF,ISC,Abs,6,"SBC(A, DL); A := ALU_RESULT; ALU_FLAGS_LD; END",FC38,0000,0002
F0,BEQ,Rel,0,IR := *PC; PC += 1,0004,100A,0010
F0,BEQ,Rel,1,ADL := *PC; PC += 1; TEST_BRANCH_EN; END,0004,140A,001A
F0,BEQ,Rel,2,PC := {pc_plus_offset}; END,0002,8000,0012
F1,SBC,"(ZP),Y",0,IR := *PC; PC += 1,0004,100A,0010
F1,SBC,"(ZP),Y",1,DL := *PC; PC += 1,0004,100A,0010
F1,SBC,"(ZP),Y",2,ADL := DL; DL := *{zeropage_indirect},0038,940A,0010
F1,SBC,"(ZP),Y",3,TMP := DL; DL := *{zeropage_indirect_inc},0038,A00A,0090
F1,SBC,"(ZP),Y",4,ADH := DL; ADL := TMP,0030,0C00,0000
F1,SBC,"(ZP),Y",5,"DL := *{latch} + Y; SBC(A, DL); A := ALU_RESULT; ALU_FLAGS_LD; END",FC38,310A,0012
F3,ISC,"(ZP),Y",0,IR := *PC; PC += 1,0004,100A,0010
F3,ISC,"(ZP),Y",1,DL := *PC; PC += 1,0004,100A,0010
F3,ISC,"(ZP),Y",2,ADL := DL; DL := *{zeropage_indirect},0038,940A,0010
F3,ISC,"(ZP),Y",3,TMP := DL; DL := *{zeropage_indirect_inc},0038,A00A,0090
F3,ISC,"(ZP),Y",4,ADH := DL; ADL := TMP,0030,0C00,0000
F3,ISC,"(ZP),Y",5,DL := *{latch} + Y; TMP := *{latch} + Y,0000,310A,0090
F3,ISC,"(ZP),Y",6,INC(TMP); *{latch} + Y := ALU_RESULT; DL := ALU_RESULT,7830,3105,0010
F3,ISC,"(ZP),Y",7,"SBC(A, DL); A := ALU_RESULT; ALU_FLAGS_LD; END",FC38,0000,0002
F5,SBC,"ZP,X",0,IR := *PC; PC += 1,0004,100A,0010
F5,SBC,"ZP,X",1,DL := *PC; PC += 1,0004,100A,0010
F5,SBC,"ZP,X",2,ADL := DL,0038,0400,0000
F5,SBC,"ZP,X",3,DL := *{zeropage} + X; ADL := DL,0038,860A,0010
F5,SBC,"ZP,X",4,"DL := *{zeropage}; SBC(A, DL); A := ALU_RESULT; ALU_FLAGS_LD; END",FC38,800A,0012
F6,INC,"ZP,X",0,IR := *PC; PC += 1,0004,100A,0010
F6,INC,"ZP,X",1,DL := *PC; PC += 1,0004,100A,0010
F6,INC,"ZP,X",2,ADL := DL,0038,0400,0000
F6,INC,"ZP,X",3,DL := *{zeropage} + X; ADL := DL,0038,860A,0010
F6,INC,"ZP,X",4,DL := *{zeropage}; TMP := *{zeropage},0000,800A,0090
F6,INC,"ZP,X",5,INC(TMP),6030,0000,0000
F6,INC,"ZP,X",6,*{zeropage} := ALU_RESULT; ALU_FLAGS_LD; END,F800,8005,0012
F7,ISC,"ZP,X",0,IR := *PC; PC += 1,0004,100A,0010
F7,ISC,"ZP,X",1,DL := *PC; PC += 1,0004,100A,0010
F7,ISC,"ZP,X",2,ADL := DL,0038,0400,0000
F7,ISC,"ZP,X",3,DL := *{zeropage} + X; ADL := DL,0038,860A,0010
F7,ISC,"ZP,X",4,DL := *{zeropage}; TMP := *{zeropage},0000,800A,0090
F7,ISC,"ZP,X",5,INC(TMP); *{zeropage} := ALU_RESULT; DL := ALU_RESULT,7830,8005,0010
F7,ISC,"ZP,X",6,"SBC(A, DL); A := ALU_RESULT; ALU_FLAGS_LD; END",FC38,0000,0002
F8,SED,Impl,0,IR := *PC; PC += 1,0004,100A,0010
F8,SED,Impl,1,SETF(D); END,0000,0000,1002
F9,SBC,"Abs,Y",0,IR := *PC; PC += 1,0004,100A,0010
F9,SBC,"Abs,Y",1,DL := *PC; PC += 1,0004,100A,0010
F9,SBC,"Abs,Y",2,ADL := DL; DL := *PC; PC += 1,003C,140A,0010
F9,SBC,"Abs,Y",3,ADH := DL,0038,0800,0000
F9,SBC,"Abs,Y",4,"DL := *{latch} + X; SBC(A, DL); A := ALU_RESULT; ALU_FLAGS_LD; END",FC38,320A,0012
FB,ISC,"Abs,Y",0,IR := *PC; PC += 1,0004,100A,0010
FB,ISC,"Abs,Y",1,DL := *PC; PC += 1,0004,100A,0010
FB,ISC,"Abs,Y",2,ADL := DL; DL := *PC; PC += 1,003C,140A,0010
FB,ISC,"Abs,Y",3,ADH := DL,0038,0800,0000
FB,ISC,"Abs,Y",4,DL := *{latch} + X; TMP := *{latch} + X,0000,320A,0090
FB,ISC,"Abs,Y",5,INC(TMP); *{latch} + X := ALU_RESULT; DL := ALU_RESULT,7830,3205,0010
FB,ISC,"Abs,Y",6,"SBC(A, DL); A := ALU_RESULT; ALU_FLAGS_LD; END",FC38,0000,0002
FD,SBC,"Abs,X",0,IR := *PC; PC += 1,0004,100A,0010
FD,SBC,"Abs,X",1,DL := *PC; PC += 1,0004,100A,0010
FD,SBC,"Abs,X",2,ADL := DL; DL := *PC; PC += 1,003C,140A,0010
FD,SBC,"Abs,X",3,ADH := DL,0038,0800,0000
FD,SBC,"Abs,X",4,"DL := *{latch} + X; SBC(A, DL); A := ALU_RESULT; ALU_FLAGS_LD; END",FC38,320A,0012
FE,INC,"Abs,X",0,IR := *PC; PC += 1,0004,100A,0010
FE,INC,"Abs,X",1,DL := *PC; PC += 1,0004,100A,0010
FE,INC,"Abs,X",2,ADL := DL; DL := *PC; PC += 1,003C,140A,0010
FE,INC,"Abs,X",3,ADH := DL,0038,0800,0000
FE,INC,"Abs,X",4,DL := *{latch} + X; TMP := *{latch} + X,0000,320A,0090
FE,INC,"Abs,X",5,INC(TMP),6030,0000,0000
FE,INC,"Abs,X",6,*{latch} + X := ALU_RESULT; ALU_FLAGS_LD; END,F800,3205,0012
FF,ISC,"Abs,X",0,IR := *PC; PC += 1,0004,100A,0010
FF,ISC,"Abs,X",1,DL := *PC; PC += 1,0004,100A,0010
FF,ISC,"Abs,X",2,ADL := DL; DL := *PC; PC += 1,003C,140A,0010
FF,ISC,"Abs,X",3,ADH := DL,0038,0800,0000
FF,ISC,"Abs,X",4,DL := *{latch} + X; TMP := *{latch} + X,0000,320A,0090
FF,ISC,"Abs,X",5,INC(TMP); *{latch} + X := ALU_RESULT; DL := ALU_RESULT,7830,3205,0010
FF,ISC,"Abs,X",6,"SBC(A, DL); A := ALU_RESULT; ALU_FLAGS_LD; END",FC38,0000,0002
